{
  "interviewId": "offline_1766900782422_1nfhz4sta",
  "sessionId": "offline_1766900299896_znchfofol",
  "surveyId": "68fd1915d41841da463f0d46",
  "surveyName": "West Bengal Opinion Poll (2025 - 2026)",
  "isCatiMode": false,
  "responses": {
    "supervisor-id": 604,
    "consent-form": "1",
    "ac-selection": "Ranaghat Dakshin",
    "polling-station-group": "Group 3",
    "polling-station-selection": "113 - Purb Shambhupur Prathamik Bidyalay",
    "polling-station-station": "113 - Purb Shambhupur Prathamik Bidyalay",
    "68fd1915d41841da463f0d46_fixed_respondent_age": 50,
    "question_1761417249641_4544": "yes_{হ্যাঁ।{हाँ}}",
    "68fd1915d41841da463f0d46_fixed_respondent_gender": "female_{মহিলা{महिला}}",
    "question_1761426438732_1224": [
      "conversations_with_friends_and_family_{বন্ধু_ও_পরিবারের_সঙ্গে_কথোপকথন{दोस्तों_और_परिवार_के_साथ_बातचीत}}",
      "political_rallies_and_events_{রাজনৈতিক_সমাবেশ_ও_অনুষ্ঠান{राजनीतिक_रैलियां_और_कार्यक्रम}}"
    ],
    "question_1761426587039_1902": "bjp_{বিজেপি{भाजपा}}",
    "question_1761426797460_8585": "bjp_{বিজেপি{भाजपा}}",
    "question_1761427016019_4497": "bjp_{বিজেপি{भाजपा}}",
    "question_1763328790441_7067": "aitc_(trinamool_congress)_{এআইটিসি_(তৃণমূল_কংগ্রেস){एआईटीसी_(तृणमूल_कांग्रेस)}}",
    "question_1763329078763_967": [
      "the_leaders_of_the_party_work_for_bengal_{দলের_নেতারা_বাংলার_জন্য_কাজ_করেন{पार्टी_के_नेता_बंगाल_के_लिए_काम_करते_हैं।}}"
    ],
    "question_1763329234698_973": [
      "don’t_know/_can’t_say_{জানি_না_/_বলতে_পারব_না{पता_नहीं/कह_नहीं_सकते}}"
    ],
    "question_1763329928863_5638": [
      "bjp_has_proven_to_be_a_stable_govt._at_the_centre_{কেন্দ্রে_বিজেপি_একটি_স্থিতিশীল_সরকার_হিসেবে_প্রমাণিত_হয়েছে{केंद्र_में_भाजपा_एक_स्थिर_सरकार_साबित_हुई_है।}}",
      "for_good_welfare_schemes_{ভালো_কল্যাণমূলক_প্রকল্পগুলোর_জন্য}"
    ],
    "question_1763330212127_6898": [
      "price_rise_/_inflation_{দামবৃদ্ধি_/_মুদ্রাস্ফীতি}",
      "unemployment_/_lack_of_jobs_{বেকারত্ব_/_চাকরির_অভাব}",
      "infrastructure_(roads,_connectivity)_{পরিকাঠামো_(রাস্তাঘাট,_যোগাযোগ)}"
    ],
    "question_1763330373064_5280": 5,
    "question_1763330519494_1427": 2,
    "question_1763330578355_438": 3,
    "question_1764100979343_7247": 3,
    "question_1763330742735_7286": "anyone_from_bjp_{বিজেপির_যেকোনো_ব্যক্তি}",
    "question_1763331129026_7333": "don’t_know/can’t_say_{জানি_না_/_বলতে_পারব_না}",
    "question_1763331368425_960": "hindu_{হিন্দু”}",
    "question_1764535616582_6213": "schedule_castes_{তফসিলি_জাতি_(এসসি)}",
    "question_1763331642923_6688": "namaseej_{“নমশূদ্র}",
    "question_1763335795981_3591": "class_10-14_{ক্লাস_১০–১৪}",
    "question_1763335900264_2960": "degree(regular)_{সাধারণ_ডিগ্রি}",
    "question_1763335977619_9678": "farmer_{চাষি}",
    "question_1763336593538_4176": 9735458145,
    "68fd1915d41841da463f0d46_fixed_respondent_name": "Mamoni Biswas",
    "question_1763336667547_6582": "yes,_you_can_{হ্যাঁ,_পারেন।}"
  },
  "locationData": {
    "latitude": 23.189825,
    "longitude": 88.59771,
    "accuracy": 5.099999904632568,
    "address": "23.189825, 88.597710",
    "city": "",
    "state": "",
    "country": "",
    "timestamp": "2025-12-28T05:38:22.521Z",
    "source": "gps"
  },
  "selectedAC": "Ranaghat Dakshin",
  "selectedPollingStation": {
    "state": "West Bengal",
    "acName": "Ranaghat Dakshin",
    "acNo": "90",
    "pcNo": 13,
    "pcName": "RANAGHAT (SC)",
    "district": "NADIA",
    "roundNumber": "1",
    "groupName": "Group 3",
    "stationName": "113 - Purb Shambhupur Prathamik Bidyalay",
    "gpsLocation": "23.1945632239912,88.6071839669899",
    "latitude": 23.1945632239912,
    "longitude": 88.6071839669899,
    "acCode": "WB090"
  },
  "selectedSetNumber": null,
  "startTime": "2025-12-28T05:38:19.781Z",
  "endTime": "2025-12-28T05:46:22.422Z",
  "duration": 482,
  "metadata": {
    "qualityMetrics": {
      "averageResponseTime": 0,
      "backNavigationCount": 0,
      "dataQualityScore": 100,
      "totalPauseTime": 0,
      "totalPauses": 0
    },
    "supervisorID": 604,
    "finalResponses": [
      {
        "sectionIndex": -3,
        "questionIndex": -3,
        "questionId": "supervisor-id",
        "questionType": "numeric",
        "questionText": "Enter Supervisor ID {সুপারভাইজার আইডি লিখুন}",
        "questionDescription": "",
        "questionOptions": [],
        "response": 604,
        "responseTime": 0,
        "isRequired": false,
        "isSkipped": false
      },
      {
        "sectionIndex": -2,
        "questionIndex": -2,
        "questionId": "consent-form",
        "questionType": "single_choice",
        "questionText": "Consent Form {সম্মতিপত্র}",
        "questionDescription": "Namaste, my name is SHIBU. We are from Convergent, an independent research organization. We are conducting a survey on social and political issues in West Bengal, interviewing thousands of people. I will ask you a few questions about government performance and your preferences. {নমস্কার, আমার নাম SHIBU। আমরা কনভার্জেন্ট থেকে কথা বলছি, এটা একটা স্বাধীন গবেষণা সংস্থা। আমরা পশ্চিমবঙ্গের সামাজিক ও রাজনৈতিক বিষয় নিয়ে একটা সার্ভে করছি, যেখানে হাজার হাজার মানুষের মতামত নেওয়া হচ্ছে। আমি আপনাকে সরকারী কাজকর্ম আর আপনার পছন্দ-অপছন্দ নিয়ে কয়েকটা প্রশ্ন করব।}\n\nYour responses will remain strictly confidential and will only be analysed in combination with others. No personal details will ever be shared. The survey will take about 5–10 minutes, and your honest opinions will greatly help us. {আপনার দেওয়া তথ্য পুরোপুরি গোপন রাখা হবে এবং শুধু অন্যদের সঙ্গে মিলিয়ে বিশ্লেষণ করা হবে—কোনো ব্যক্তিগত তথ্য কখনোই শেয়ার করা হবে না। সার্ভেটা প্রায় ৫–১০ মিনিট লাগবে, আর আপনার সৎ মতামত আমাদের জন্য খুবই গুরুত্বপূর্ণ।}\n\nShould I Continue? {আমি কি চালিয়ে যেতে পারি?}",
        "questionOptions": [
          "Yes {হ্যাঁ}",
          "No {না}"
        ],
        "response": "1",
        "responseTime": 0,
        "isRequired": true,
        "isSkipped": false
      },
      {
        "sectionIndex": -1,
        "questionIndex": -1,
        "questionId": "ac-selection",
        "questionType": "ac_searchable_dropdown",
        "questionText": "Select Assembly Constituency",
        "questionDescription": "Please select the Assembly Constituency where you are conducting this interview.",
        "questionOptions": [
          "Mekliganj",
          "Mathabhanga",
          "COOCHBEHAR UTTAR (SC)",
          "COOCHBEHAR DAKSHIN",
          "Sitalkuchi",
          "Sitai",
          "Dinhata",
          "Natabari",
          "Tufanganj",
          "Kumargram",
          "Kalchini",
          "Alipurudars",
          "Falakata",
          "Madarihat",
          "Dhupguri",
          "Maynaguri",
          "Jalpaiguri",
          "Rajganj",
          "Dabgram-Phulbari",
          "Mal",
          "Nagrakata",
          "Kalimpong",
          "Darjeeling",
          "Kurseong",
          "Matigara-Naxalbari",
          "Siliguri",
          "Phansidewa",
          "Chopra",
          "Islampur",
          "Goalpokhar",
          "Chakulia",
          "Karandighi",
          "Hemtabad",
          "Kaliaganj",
          "Raiganj",
          "Itahar",
          "Kushmandi",
          "Kumarganj",
          "Balurghat",
          "Tapan",
          "Gangarampur",
          "Harirampur",
          "Habibpur",
          "Gazole",
          "Chanchal",
          "Harishchandrapur",
          "Malatipur",
          "Ratua",
          "Manikchak",
          "Maldaha",
          "English Bazar",
          "Mothabari",
          "Sujapur",
          "Baisnabnagar",
          "Farakka",
          "Samserganj",
          "Suti",
          "Jangipur",
          "Raghunathganj",
          "Sagardighi",
          "Lalgola",
          "Bhagabangola",
          "Raninagar",
          "Murshidabad",
          "Nabagram",
          "Khargram",
          "Burwan",
          "Kandi",
          "Bharatpur",
          "Rejinagar",
          "Beldanga",
          "Baharampur",
          "Hariharpara",
          "Naoda",
          "Domkal",
          "Jalangi",
          "Karimpur",
          "Tehatta",
          "Palashipara",
          "Kaliganj",
          "Nakashipara",
          "Chapra",
          "Krishnanagar Uttar",
          "Nabadwip",
          "Krishnanagar Dakshin",
          "Santipur",
          "Ranaghat Uttar Paschim",
          "Krishnaganj",
          "Ranaghat Uttar Purba",
          "Ranaghat Dakshin",
          "Chakdaha",
          "Kalyani",
          "Haringhata",
          "Bagda",
          "Bangaon Uttar",
          "Bangaon Dakshin",
          "Gaighata",
          "Swarupnagar",
          "Baduria",
          "Habra",
          "Ashoknagar",
          "Amdanga",
          "Bijpur",
          "Naihati",
          "Bhatpara",
          "Jagatdal",
          "Noapara",
          "Barrackpur",
          "Khardaha",
          "Dum Dum Uttar",
          "Panihati",
          "Kamarhati",
          "Baranagar",
          "Dum Dum",
          "Rajarhat New Town",
          "Bidhannagar",
          "Rajarhat Gopalpur",
          "Madhyamgram",
          "Barasat",
          "Deganga",
          "Haroa",
          "Minakhan",
          "Sandeshkhali",
          "Basirhat Dakshin",
          "Basirhat Uttar",
          "Hingalganj",
          "Gosaba",
          "Basanti",
          "Kultali",
          "Patharpratima",
          "Kakdwip",
          "Sagar",
          "Kulpi",
          "Raidighi",
          "Mandirbazar",
          "Jaynagar",
          "Baruipur Purba",
          "Canning Paschim",
          "Canning Purba",
          "Baruipur Paschim",
          "Magrahat Purba",
          "Magrahat Paschim",
          "Diamond Harbour",
          "Falta",
          "Satgachhia",
          "Bishnupur, South 24 Parganas",
          "Sonarpur Dakshin",
          "Bhangar",
          "Kasba",
          "Jadavpur",
          "Sonarpur Uttar",
          "Tollyganj",
          "Behala Purba",
          "Behala Paschim",
          "Maheshtala",
          "Budge Budge",
          "Metiaburuz",
          "Kolkata Port",
          "Bhabanipur",
          "Rashbehari",
          "Ballygunge",
          "Chowranghee",
          "Entally",
          "Beleghata",
          "Jorasanko",
          "Shyampukur",
          "Maniktala",
          "Kashipur Belgachhia",
          "Bally",
          "Howrah Uttar",
          "Howrah Madhya",
          "Shibpur",
          "Howrah Dakshin",
          "Sankrail",
          "Panchla",
          "Uluberia Purba",
          "Uluberia Uttar",
          "Uluberia Dakshin",
          "Shyampur",
          "Bagnan",
          "Amta",
          "Udaynarayanpur",
          "Jagatballavpur",
          "Domjur",
          "Uttarpara",
          "Sreerampur",
          "Champdani",
          "Singur",
          "Chandannagar",
          "Chunchura",
          "Balagarh",
          "Pandua",
          "Saptagram",
          "Chanditala",
          "Jangipara",
          "Haripal",
          "Dhanekhali",
          "Tarakeswar",
          "Pursurah",
          "Arambag",
          "Goghat",
          "Khanakul",
          "Tamluk",
          "Panskura Purba",
          "Panskura Paschim",
          "Moyna",
          "Nandakumar",
          "Mahisadal",
          "Haldia",
          "Nandigram",
          "Chandipur",
          "Patashpur",
          "Kanthi Uttar",
          "Bhagabanpur",
          "Khejuri",
          "Kanthi Dakshin",
          "Ramnagar, Purba Medinipur",
          "Egra",
          "Dantan",
          "Nayagram",
          "Gopiballavpur",
          "Jhargram",
          "Keshiary",
          "Kharagpur Sadar",
          "Narayangarh",
          "Sabang",
          "Pingla",
          "Kharagpur",
          "Debra",
          "Daspur",
          "Ghatal",
          "Chandrakona",
          "Garbeta",
          "Salboni",
          "Keshpur",
          "Medinipur",
          "Binpur",
          "Bandwan",
          "Balarampur, Purulia",
          "Baghmundi",
          "Joypur, Purulia",
          "Purulia",
          "Manbazar",
          "Kashipur",
          "Para",
          "Raghunathpur, Purulia",
          "Saltora",
          "Chhatna",
          "Ranibandh",
          "Raipur, Bankura",
          "Taldangra",
          "Bankura",
          "Barjora",
          "Onda",
          "Bishnupur, Bankura",
          "Katulpur",
          "Indas",
          "Sonamukhi",
          "Khandaghosh",
          "Burdwan Dakshin",
          "Raina",
          "Jamalpur",
          "Manteswar",
          "Kalna",
          "Memari",
          "Burdwan Uttar",
          "Bhatar",
          "Purbasthali Dakshin",
          "Purbasthali Uttar",
          "Katwa",
          "Ketugram",
          "Mangalkot",
          "Ausgram",
          "Galsi",
          "Pandaveswar",
          "Durgapur Purba",
          "Durgapur Paschim",
          "Raniganj",
          "Jamuria",
          "Asansol Dakshin",
          "Asansol Uttar",
          "Kulti",
          "Barabani",
          "Dubrajpur",
          "Suri",
          "Bolpur",
          "Nanoor",
          "Labhpur",
          "Sainthia",
          "Mayureswar",
          "Rampurhat",
          "Hansan",
          "Nalhati",
          "Murarai"
        ],
        "response": "Ranaghat Dakshin",
        "responseTime": 0,
        "isRequired": true,
        "isSkipped": false
      },
      {
        "sectionIndex": -1,
        "questionIndex": -0.5,
        "questionId": "polling-station-selection",
        "questionType": "polling_station",
        "questionText": "Select Polling Station",
        "questionDescription": "Please select the Group and Polling Station where you are conducting this interview.",
        "questionOptions": [],
        "response": "113 - Purb Shambhupur Prathamik Bidyalay",
        "responseTime": 0,
        "isRequired": true,
        "isSkipped": false
      },
      {
        "sectionIndex": 0,
        "questionIndex": 0,
        "questionId": "68fd1915d41841da463f0d46_fixed_respondent_age",
        "questionType": "numeric",
        "questionText": "Could you please tell me your age in complete years? {আপনার বয়সটা সম্পূর্ণ বছরে কত, একটু{क्या आप कृपया अपनी आयु पूर्ण वर्षों में बता सकते हैं?}}",
        "questionDescription": "",
        "questionOptions": [],
        "response": 50,
        "responseTime": 0,
        "isRequired": true,
        "isSkipped": false
      },
      {
        "sectionIndex": 1,
        "questionIndex": 0,
        "questionId": "question_1761417249641_4544",
        "questionType": "multiple_choice",
        "questionText": "Are you a registered voter in this assembly Constituency? {আপনি কি এই বিধানসভা কেন্দ্রে নিবন্ধিত ভোটার{क्या आप इस विधानसभा क्षेत्र में पंजीकृत मतदाता हैं?}}",
        "questionDescription": "",
        "questionOptions": [
          "Yes {হ্যাঁ।{हाँ}}",
          "No {না।{नहीं}}"
        ],
        "response": "yes_{হ্যাঁ।{हाँ}}",
        "responseTime": 0,
        "isRequired": true,
        "isSkipped": false
      },
      {
        "sectionIndex": 1,
        "questionIndex": 1,
        "questionId": "68fd1915d41841da463f0d46_fixed_respondent_gender",
        "questionType": "multiple_choice",
        "questionText": "Please note the respondent’s gender {অনুগ্রহ করে উত্তরদাতার লিঙ্গ নোট করুন।{कृपया उत्तरदाता के लिंग का उल्लेख करें।}}",
        "questionDescription": "",
        "questionOptions": [
          "Male {পুরুষ{पुरुष}}",
          "Female {মহিলা{महिला}}"
        ],
        "response": "female_{মহিলা{महिला}}",
        "responseTime": 0,
        "isRequired": true,
        "isSkipped": false
      },
      {
        "sectionIndex": 1,
        "questionIndex": 2,
        "questionId": "question_1761426438732_1224",
        "questionType": "multiple_choice",
        "questionText": "How do you primarily gather information about politics? {রাজনীতি সম্পর্কে আপনি মূলত কীভাবে তথ্য সংগ্রহ করেন? {आप मुख्य रूप से राजनीतिक दलों और उम्मीदवारों के बारे में जानकारी कैसे जुटाते हैं}}",
        "questionDescription": "",
        "questionOptions": [
          "Television news {টেলিভিশন সংবাদ{टेलीविजन समाचार}}",
          "Print media (newspapers, magazines) {ছাপা মাধ্যম (সংবাদপত্র, সাময়িকী){प्रिंट मीडिया (अखबार, पत्रिकाएं)}}",
          "Social media platforms (Facebook, Twitter, etc.) {সোশ্যাল মিডিয়া প্ল্যাটফর্ম (ফেসবুক, টুইটার ইত্যাদি){सोशल मीडिया प्लेटफॉर्म (फेसबुक, ट्विटर आदि)}}",
          "Conversations with friends and family {বন্ধু ও পরিবারের সঙ্গে কথোপকথন{दोस्तों और परिवार के साथ बातचीत}}",
          "Political rallies and events {রাজনৈতিক সমাবেশ ও অনুষ্ঠান{राजनीतिक रैलियां और कार्यक्रम}}",
          "Others (Specify) {অন্যান্য (অনুগ্রহ করে উল্লেখ করুন){अन्य (कृपया स्पष्ट करें)}}"
        ],
        "response": [
          "conversations_with_friends_and_family_{বন্ধু_ও_পরিবারের_সঙ্গে_কথোপকথন{दोस्तों_और_परिवार_के_साथ_बातचीत}}",
          "political_rallies_and_events_{রাজনৈতিক_সমাবেশ_ও_অনুষ্ঠান{राजनीतिक_रैलियां_और_कार्यक्रम}}"
        ],
        "responseTime": 0,
        "isRequired": true,
        "isSkipped": false
      },
      {
        "sectionIndex": 1,
        "questionIndex": 3,
        "questionId": "question_1761426587039_1902",
        "questionType": "multiple_choice",
        "questionText": "2021 AE Party Choice: {২০২১ বিধানসভা নির্বাচনে (এমএলএ):{आपने 2021 के पिछले विधानसभा चुनावों (विधायक) में किस पार्टी को वोट दिया था?}}",
        "questionDescription": "Which party did you vote for in the last assembly elections (MLA) in 2021? {২০২১ বিধানসভা নির্বাচনে (এমএলএ) আপনি কোন দলকে ভোট দিয়েছিলেন{}}",
        "questionOptions": [
          "AITC (Trinamool Congress) {এআইটিসি (তৃণমূল কংগ্রেস){एआईटीसी (तृणमूल कांग्रेस)}}",
          "BJP {বিজেপি{भाजपा}}",
          "INC(Congress) {আইএনসি (কংগ্রেস){आईएनसी (कांग्रेस)}}",
          "Left Front {বামফ্রন্ট{वाम मोर्चा}}",
          "Independent {নির্দল{स्वतंत्र}}",
          "NOTA {নোটা{नोट ए}}",
          "Did not vote {ভোট দেননি{मतदान नहीं किया}}",
          "Not eligible for voting {ভোট দেওয়ার যোগ্য নন{कोई प्रतिक्रिया नहीं/जवाब देने से }}",
          "No response/Refused to answer {উত্তর দেননি / উত্তর দিতে অস্বীকার করেছেন{कोई जवाब नहीं मिला/जवाब देने से इनकार कर दिया}}",
          "Others (Specify) {অন্যান্য (উল্লেখ করুন){अन्य (स्पष्ट करें)}}"
        ],
        "response": "bjp_{বিজেপি{भाजपा}}",
        "responseTime": 0,
        "isRequired": true,
        "isSkipped": false
      },
      {
        "sectionIndex": 1,
        "questionIndex": 4,
        "questionId": "question_1761426797460_8585",
        "questionType": "multiple_choice",
        "questionText": "2024 GE Party Choice: { ২০২৪ লোকসভা নির্বাচনে (এমপি):{आपने 2024 के पिछले लोकसभा चुनावों (मध्य प्रदेश) में किस पार्टी को वोट दिया था?}}",
        "questionDescription": "Which party did you vote for in the last Lok Sabha elections (MP) in 2024? {২০২৪ লোকসভা নির্বাচনে (এমপি) আপনি কোন দলকে ভোট দিয়েছিলেন?{}}",
        "questionOptions": [
          "AITC (Trinamool Congress) {এআইটিসি (তৃণমূল কংগ্রেস){एआईटीसी (तृणमूल कांग्रेस)}}",
          "BJP {বিজেপি{भाजपा}}",
          "INC(Congress) {আইএনসি (কংগ্রেস){आईएनसी (कांग्रेस)}}",
          "Left Front {বামফ্রন্ট{वाम मोर्चा}}",
          "Independent {নির্দল{स्वतंत्र}}",
          "NOTA {নোটা{नोट ए}}",
          "Did not vote {ভোট দেননি{मतदान नहीं किया}}",
          "Not eligible for voting {ভোট দেওয়ার যোগ্য নন{मतदान के लिए पात्र नहीं }}",
          "Refused to answer {উত্তর দিতে অস্বীকার করেছেন{जवाब देने से इनकार कर दिया }}",
          "Others (specify) {অন্যান্য(উল্লেখ করুন){अन्य (स्पष्ट करें)}}"
        ],
        "response": "bjp_{বিজেপি{भाजपा}}",
        "responseTime": 0,
        "isRequired": true,
        "isSkipped": false
      },
      {
        "sectionIndex": 1,
        "questionIndex": 5,
        "questionId": "question_1761426875141_5942",
        "questionType": "multiple_choice",
        "questionText": "Bye-Election Party Choice: {উপ-নির্বাচন দলের পছন্দ:{2021 के बाद आपके विधानसभा क्षेत्र (विधायक) में हुए उपचुनावों में आपने किस पार्टी को वोट दिया?}}",
        "questionDescription": "Whom did you vote for in the by-election after 2021 in your assembly constituency? {২০২১ সালের পর আপনার বিধানসভা কেন্দ্রে যে উপনির্বাচন হয়েছে, সেখানে আপনি কাকে ভোট দিয়েছিলেন{}}",
        "questionOptions": [
          "AITC (Trinamool Congress) {এআইটিসি (তৃণমূল কংগ্রেস){एआईटीसी (तृणमूल कांग्रेस)}}",
          "BJP {বিজেপি{भाजपा}}",
          "INC(Congress) {আইএনসি (কংগ্রেস){आईएनसी (कांग्रेस)}}",
          "Left Front {বামফ্রন্ট{वाम मोर्चा}}",
          "Independent {নির্দল{स्वतंत्र}}",
          "Others (specify) {অন্যান্য(উল্লেখ করুন){अन्य (स्पष्ट करें)}}",
          "NOTA {নোটা{नोट ए}}",
          "Did not vote {ভোট দেননি{मतदान नहीं किया}}",
          "Not eligible for voting {ভোট দেওয়ার যোগ্য নন{मतदान के लिए पात्र नहीं }}",
          "Refused to answer {উত্তর দিতে অস্বীকার করেছেন{जवाब देने से इनकार कर दिया }}"
        ],
        "response": "",
        "responseTime": 0,
        "isRequired": true,
        "isSkipped": true
      },
      {
        "sectionIndex": 1,
        "questionIndex": 6,
        "questionId": "question_1761427016019_4497",
        "questionType": "multiple_choice",
        "questionText": "2025 Preference {২০২৫ পছন্দ{यदि विधानसभा चुनाव (विधायक चुनाव) कल होते, तो आप किस पार्टी को वोट देते?}}",
        "questionDescription": "If assembly elections are held tomorrow, which party would you vote for? {আগামীকাল যদি বিধানসভা নির্বাচন হয়, আপনি কোন দলকে ভোট দেবেন{}}",
        "questionOptions": [
          "AITC (Trinamool Congress) {এআইটিসি (তৃণমূল কংগ্রেস){एआईटीसी (तृणमूल कांग्रेस)}}",
          "BJP {বিজেপি{भाजपा}}",
          "INC(Congress) {আইএনসি (কংগ্রেস){आईएनसी (कांग्रेस)}}",
          "Left Front {বামফ্রন্ট{वाम मोर्चा}}",
          "Independent {নির্দল{निर्दलीय}}",
          "Others (Specify) {অন্যান্য(উল্লেখ করুন){अन्य (स्पष्ट करें)}}",
          "NOTA {নোটা{नोटए}}",
          "Will not vote {ভোট দেবেন না{मतदान नहीं करेंगे}}",
          "Not yet decided {এখনও সিদ্ধান্ত নেননি{अभी निर्णय नहीं लिया}}",
          "Refused to answer {উত্তর দিতে অস্বীকার করেছেন{उत्तर देने से इनकार कर दिया}}"
        ],
        "response": "bjp_{বিজেপি{भाजपा}}",
        "responseTime": 0,
        "isRequired": true,
        "isSkipped": false
      },
      {
        "sectionIndex": 1,
        "questionIndex": 7,
        "questionId": "question_1763328790441_7067",
        "questionType": "multiple_choice",
        "questionText": "Second Choice: {দ্বিতীয় পছন্দ{मान लीजिए कि आपकी पसंद की पार्टी आपके विधानसभा क्षेत्र में चुनाव नहीं लड़ती है, तो आप किस पार्टी को चुनेंगे?}}",
        "questionDescription": "If the party you chose doesn’t contest in your assembly constituency, then which party would you choose? {আপনি যে দলটিকে প্রথমে বেছে নিয়েছেন, যদি সেই দলটি আপনার বিধানসভা কেন্দ্রে নির্বাচন না লড়ে, তাহলে আপনি কোন দলকে ভোট দেবেন{}}",
        "questionOptions": [
          "AITC (Trinamool Congress) {এআইটিসি (তৃণমূল কংগ্রেস){एआईटीसी (तृणमूल कांग्रेस)}}",
          "BJP {বিজেপি{भाजपा}}",
          "INC(Congress) {আইএনসি (কংগ্রেস){आईएनसी (कांग्रेस)}}",
          "Left Front {বামফ্রন্ট{वाम मोर्चा}}",
          "Independent {নির্দল{निर्दलीय}}",
          "Others (Specify) {অন্যান্য(উল্লেখ করুন){अन्य (स्पष्ट करें)}}",
          "NOTA {নোটা{नोटए}}",
          "I will not vote for anyone else {ভোট দেবেন না{मैं किसी और को वोट नहीं दूंगा}}",
          "Refused to answer {উত্তর দিতে অস্বীকার করেছেন{उत्तर देने से इनकार कर दिया}}"
        ],
        "response": "aitc_(trinamool_congress)_{এআইটিসি_(তৃণমূল_কংগ্রেস){एआईटीसी_(तृणमूल_कांग्रेस)}}",
        "responseTime": 0,
        "isRequired": true,
        "isSkipped": false
      },
      {
        "sectionIndex": 1,
        "questionIndex": 8,
        "questionId": "question_1763329078763_967",
        "questionType": "multiple_choice",
        "questionText": "Second choice reasons: {দ্বিতীয় পছন্দের কারণ:{क्या आप हमें बता सकते हैं कि आपने उपरोक्त पार्टी को अपने दूसरे विकल्प के रूप में क्यों चुना?}}",
        "questionDescription": "Could you tell us the reason for choosing the above party as your second choice? {উপরের দলটিকে দ্বিতীয় পছন্দ হিসেবে বেছে নেওয়ার কারণটি কি বলবেন{}}",
        "questionOptions": [
          "The party works for my caste and community {দলটি আমার জাতি ও সম্প্রদায়ের জন্য কাজ করে{यह पार्टी मेरी जाति और समुदाय के लिए काम करती है।}}",
          "The party makes some good arguments in their speeches {দলটি তাদের বক্তৃতায় ভালো কিছু যুক্তি তুলে ধরে{पार्टी अपने भाषणों में अच्छे तर्क देती है।}}",
          "The party supports my first choice party {দলটি আমার প্রথম পছন্দের দলকে সমর্থন করে{पार्टी मेरी पहली पसंद की पार्टी का समर्थन करती है।}}",
          "The leaders of the party work for Bengal {দলের নেতারা বাংলার জন্য কাজ করেন{पार्टी के नेता बंगाल के लिए काम करते हैं।}}",
          "Do not wish to vote for any other party {অন্য কোনো দলকে ভোট দিতে ইচ্ছুক নই{मैं किसी अन्य पार्टी को वोट नहीं देना चाहता।}}",
          "Others (Specify) {অন্যান্য (উল্লেখ করুন){अन्य (स्पष्ट करें)}}",
          "Don’t know/can’t say {জানি না / বলতে পারব না{पता नहीं/कह नहीं सकता।}}"
        ],
        "response": [
          "the_leaders_of_the_party_work_for_bengal_{দলের_নেতারা_বাংলার_জন্য_কাজ_করেন{पार्टी_के_नेता_बंगाल_के_लिए_काम_करते_हैं।}}"
        ],
        "responseTime": 0,
        "isRequired": true,
        "isSkipped": false
      },
      {
        "sectionIndex": 1,
        "questionIndex": 9,
        "questionId": "question_1763329234698_973",
        "questionType": "multiple_choice",
        "questionText": "In your opinion what could be the reasons for voting for AITC? {আপনার মতে তৃণমূল কংগ্রেসকে (AITC) ভোট দেওয়ার কারণগুলো কী হতে পারে?{आपकी राय में एआईटीसी को वोट देने के शीर्ष 3 कारण क्या हैं?}}",
        "questionDescription": "",
        "questionOptions": [
          "The party has performed well in the state {দলটি রাজ্যে ভালো কাজ করেছে{पार्टी ने राज्य में अच्छा प्रदर्शन किया है}}",
          "For Good governance /delivering government services {সুশাসনের জন্য / সরকারি সেবা পৌঁছে দেওয়ার জন্য{सुशासन/सरकारी सेवाओं के वितरण के लिए}}",
          "For the benefit of West Bengal {পশ্চিমবঙ্গের কল্যাণের জন্য{पश्चिम बंगाल के लाभ के लिए}}",
          "For the development of WB {পশ্চিমবঙ্গের উন্নয়নের জন্য{पश्चिम बंगाल के विकास के लिए }}",
          "The party provides good services when it comes to healthcare/education/drinking water/electricity/housing {স্বাস্থ্য, শিক্ষা, পানীয় জল, বিদ্যুৎ ও আবাসনের ক্ষেত্রে দলটি ভালো পরিষেবা দেয়{पार्टी स्वास्थ्य सेवा/शिक्षा/पेयजल/बिजली/आवास के }}",
          "Works for farmers/agriculture/irrigation {চাষি, কৃষি ও সেচের জন্য কাজ করে{किसानों/कृषि/सिंचाई के लिए काम करती है}}",
          "Promotes small businesses {ছোট ব্যবসাকে উৎসাহ দেয়{लघु व्यवसायों को बढ़ावा देती है}}",
          "Works for the poor {গরিবদের জন্য কাজ করে{गरीबों के लिए काम करती है}}",
          "To control price rise {দামবৃদ্ধি নিয়ন্ত্রণের জন্য{मूल्य वृद्धि को नियंत्रित करने के लिए}}",
          "The party will generate more employment {দলটি আরও কর্মসংস্থান সৃষ্টি করবে{पार्टी अधिक रोजगार सृजित करेगी }}",
          "For greater communal harmony {বৃহত্তর সাম্প্রদায়িক সম্প্রীতির{अधिक सांप्रदायिक सद्भाव के लिए}}",
          "Mamata B. is the best CM of Bengal so far {মমতা বন্দ্যোপাধ্যায় এখন পর্যন্ত বাংলার সেরা মুখ্যমন্ত্রী{ममता बी. अब तक बंगाल की सर्वश्रेष्ठ मुख्यमंत्री हैं}}",
          "For minorities’ welfare {সংখ্যালঘুদের কল্যাণের জন্য{अल्पसंख्यकों के कल्याण के लिए }}",
          "Others (Specify) {অন্যান্য (উল্লেখ করুন){अन्य _______ (स्पष्ट करें)}}",
          "Don’t know/ Can’t Say {জানি না / বলতে পারব না{पता नहीं/कह नहीं सकते}}"
        ],
        "response": [
          "don’t_know/_can’t_say_{জানি_না_/_বলতে_পারব_না{पता_नहीं/कह_नहीं_सकते}}"
        ],
        "responseTime": 0,
        "isRequired": true,
        "isSkipped": false
      },
      {
        "sectionIndex": 1,
        "questionIndex": 10,
        "questionId": "question_1763329928863_5638",
        "questionType": "multiple_choice",
        "questionText": "In your opinion what could be the reasons for voting for BJP? {আপনার মতে বিজেপিকে ভোট দেওয়ার কারণগুলো কী হতে পারে{आपकी राय में भाजपा को वोट देने के शीर्ष 3 कारण क्या हैं?}}",
        "questionDescription": "Do NOT read out the options. Select the most appropriate option based on what the respondent says spontaneously. {বিকল্পগুলি পড়ে শোনাবেন না। উত্তরদাতা স্বতঃস্ফূর্তভাবে যা বলেন তার উপর ভিত্তি করে সবচেয়ে উপযুক্ত বিকল্পটি নির্বাচন করুন।{विकल्प न पढ़ें, उत्तरदाता द्वारा स्वतः दिए गए उत्तर के आधार पर सबसे उपयुक्त विकल्प चुनें}}",
        "questionOptions": [
          "BJP has proven to be a stable govt. at the centre {কেন্দ্রে বিজেপি একটি স্থিতিশীল সরকার হিসেবে প্রমাণিত হয়েছে{केंद्र में भाजपा एक स्थिर सरकार साबित हुई है।}}",
          "For Good governance /delivering government services {সুশাসনের জন্য / সরকারি সেবা পৌঁছে দেওয়ার জন্য{सुशासन/सरकारी सेवाओं के बेहतर वितरण के लिए}}",
          "Because of Narendra Modi: good/ strong/decisive leader {নরেন্দ্র মোদির জন্য: তিনি একজন ভালো/শক্তিশালী/দৃঢ় নেতা{नरेंद्र मोदी के कारण: अच्छे/मजबूत/निर्णायक नेता}}",
          "For the better development of WB {পশ্চিমবঙ্গের আরও ভালো উন্নয়নের জন্য{}}",
          "Better for farmers/agriculture/irrigation {চাষি, কৃষি ও সেচের ক্ষেত্রে আরও ভালো}",
          "Better for small businesses {ছোট ব্যবসার জন্য আরও ভালো}",
          "For better healthcare/education/drinking water/electricity/housing {স্বাস্থ্য, শিক্ষা, পানীয় জল, বিদ্যুৎ ও আবাসনের ক্ষেত্রে আরও ভালো পরিষেবা দেয়}",
          "For good welfare schemes {ভালো কল্যাণমূলক প্রকল্পগুলোর জন্য}",
          "BJP is better for Hindus {হিন্দুদের জন্য বিজেপি বেশি উপযোগী}",
          "BJP cares for the poor {বিজেপি গরিবদের জন্য কাজ করে}",
          "TMC has not performed in West Bengal {তৃণমূল পশ্চিমবঙ্গে ভালো কাজ করেনি}",
          "Others (Specify) {অন্যান্য (উল্লেখ করুন)}",
          "Don’t know/ Can’t Say {জানি না / বলতে পারব না}"
        ],
        "response": [
          "bjp_has_proven_to_be_a_stable_govt._at_the_centre_{কেন্দ্রে_বিজেপি_একটি_স্থিতিশীল_সরকার_হিসেবে_প্রমাণিত_হয়েছে{केंद्र_में_भाजपा_एक_स्थिर_सरकार_साबित_हुई_है।}}",
          "for_good_welfare_schemes_{ভালো_কল্যাণমূলক_প্রকল্পগুলোর_জন্য}"
        ],
        "responseTime": 0,
        "isRequired": true,
        "isSkipped": false
      },
      {
        "sectionIndex": 1,
        "questionIndex": 11,
        "questionId": "question_1763330212127_6898",
        "questionType": "multiple_choice",
        "questionText": "In your opinion, what are the three most pressing issues in West Bengal? {আপনার মতে, পশ্চিমবঙ্গের সবচেয়ে জরুরি তিনটি সমস্যা কী কী}",
        "questionDescription": "Do NOT read out the options. Select the most appropriate option based on what the respondent says spontaneously. {বিকল্পগুলি পড়ে শোনাবেন না। উত্তরদাতা স্বতঃস্ফূর্তভাবে যা বলেন তার উপর ভিত্তি করে সবচেয়ে উপযুক্ত বিকল্পটি নির্বাচন করুন।}",
        "questionOptions": [
          "Price rise / inflation {দামবৃদ্ধি / মুদ্রাস্ফীতি}",
          "Unemployment / lack of jobs {বেকারত্ব / চাকরির অভাব}",
          "Electricity/power problems {বিদ্যুৎ / পাওয়ার সমস্যার}",
          "Healthcare not good {স্বাস্থ্যব্যবস্থা ভালো নয়}",
          "Education system issues {শিক্ষাব্যবস্থার সমস্যা}",
          "Voter list issues / fear of losing citizenship {ভোটার লিস্ট সমস্যা / নাগরিকত্ব হারানোর ভয়}",
          "Safety for migrant workers {প্রবासी শ্রমিকদের নিরাপত্তা}",
          "Teacher protests & job insecurity {শিক্ষকদের আন্দোলন ও চাকরির অনিশ্চয়তা}",
          "Floods and natural disasters {বন্যা ও প্রাকৃতিক দুর্যোগ}",
          "Communal tensions / law-and- order concerns {সাম্প্রদায়িক উত্তেজনা / আইন- শৃঙ্খলার সমস্যা}",
          "Safety of women (crime / security) {মহিলাদের নিরাপত্তা (অপরাধ / সুরক্ষা)}",
          "Infrastructure (roads, connectivity) {পরিকাঠামো (রাস্তাঘাট, যোগাযোগ)}",
          "Others (Specify) {অন্যান্য (উল্লেখ করুন)}"
        ],
        "response": [
          "price_rise_/_inflation_{দামবৃদ্ধি_/_মুদ্রাস্ফীতি}",
          "unemployment_/_lack_of_jobs_{বেকারত্ব_/_চাকরির_অভাব}",
          "infrastructure_(roads,_connectivity)_{পরিকাঠামো_(রাস্তাঘাট,_যোগাযোগ)}"
        ],
        "responseTime": 0,
        "isRequired": true,
        "isSkipped": false
      },
      {
        "sectionIndex": 1,
        "questionIndex": 12,
        "questionId": "question_1763330373064_5280",
        "questionType": "rating",
        "questionText": "Satisfaction with the CM {মুখ্যমন্ত্রীর প্রতি সন্তুষ্টি:}",
        "questionDescription": "How satisfied or dissatisfied are you with the Mamata Banerjee–led state government? {মমতা বন্দ্যোপাধ্যায় নেতৃত্বাধীন রাজ্য সরকার নিয়ে আপনি কতটা সন্তুষ্ট বা অসন্তুষ্ট}",
        "questionOptions": [],
        "response": 5,
        "responseTime": 0,
        "isRequired": true,
        "isSkipped": false
      },
      {
        "sectionIndex": 1,
        "questionIndex": 13,
        "questionId": "question_1763330519494_1427",
        "questionType": "rating",
        "questionText": "Satisfaction with the Opposition {বিরোধী দলের প্রতি সন্তুষ্টি:}",
        "questionDescription": "How satisfied or dissatisfied are you with BJP’s performance as the opposition in the state? {রাজ্যে বিরোধী দল হিসেবে বিজেপির কাজকর্ম নিয়ে আপনি কতটা সন্তুষ্ট বা অসন্তুষ্ট}",
        "questionOptions": [],
        "response": 2,
        "responseTime": 0,
        "isRequired": true,
        "isSkipped": false
      },
      {
        "sectionIndex": 1,
        "questionIndex": 14,
        "questionId": "question_1763330578355_438",
        "questionType": "rating",
        "questionText": "Satisfaction with MP {এমপি ও এমএলএর প্রতি সন্তুষ্টি:}",
        "questionDescription": "How satisfied or dissatisfied are you with the work done by Your current MP {নিম্নলিখিতদের কাজকর্ম নিয়ে আপনি কতটা সন্তুষ্ট বা অসন্তুষ্ট? ক. আপনার বর্তমান সংসদ সদস্য (MP)}",
        "questionOptions": [],
        "response": 3,
        "responseTime": 0,
        "isRequired": true,
        "isSkipped": false
      },
      {
        "sectionIndex": 1,
        "questionIndex": 15,
        "questionId": "question_1764100979343_7247",
        "questionType": "rating",
        "questionText": "Satisfaction with MLA {এমপি ও এমএলএর প্রতি সন্তুষ্টি:}",
        "questionDescription": "How satisfied or dissatisfied are you with the work done by Your current MLA {খ. আপনার বর্তমান বিধায়ক (MLA)}",
        "questionOptions": [],
        "response": 3,
        "responseTime": 0,
        "isRequired": true,
        "isSkipped": false
      },
      {
        "sectionIndex": 1,
        "questionIndex": 16,
        "questionId": "question_1763330742735_7286",
        "questionType": "multiple_choice",
        "questionText": "Preferred CM Candidate: {পছন্দের মুখ্যমন্ত্রী প্রার্থী:}",
        "questionDescription": "Who do you think is the best leader to be the Chief Minister of West Bengal? { আপনার মতে, পশ্চিমবঙ্গের মুখ্যমন্ত্রী হিসেবে সবচেয়ে উপযুক্ত নেতা কে}",
        "questionOptions": [
          "Mamata Banerjee(TMC) {মমতা বন্দ্যোপাধ্যায় (তৃণমূল)}",
          "Dilip Ghosh (BJP) {দিলীপ ঘোষ (বিজেপি))}",
          "Suvendu Adhikari (BJP) {শুভেন্দু অধিকারী (বিজেপি)}",
          "Sukanta Majumudar (BJP) {সুকান্ত মজুমদার (বিজেপি)}",
          "Abhishek Banerjee (TMC) {অভিষেক বন্দ্যোপাধ্যায় (তৃণমূল)}",
          "Samik Bhattacharya (BJP) {ষমিক ভট্টাচার্য (বিজেপি)}",
          "Subhankar Sarkar (INC) {শুভঙ্কর সরকার (কংগ্রেস)}",
          "Biman Bose (Left Front) {বিমান বসু (বামফ্রন্ট)}",
          "Srideep (Sridip) Bhattacharya (Left Front) {শ্রীদীপ (শ্রীদীপ) ভট্টাচার্য (বামফ্রন্ট)}",
          "Anyone from TMC {তৃণমূলের যেকোনো ব্যক্তি}",
          "Anyone from INC {কংগ্রেসের যেকোনো ব্যক্তি}",
          "Anyone from BJP {বিজেপির যেকোনো ব্যক্তি}",
          "Others (Specify) {অন্যান্য (উল্লেখ করুন)}"
        ],
        "response": "anyone_from_bjp_{বিজেপির_যেকোনো_ব্যক্তি}",
        "responseTime": 0,
        "isRequired": true,
        "isSkipped": false
      },
      {
        "sectionIndex": 1,
        "questionIndex": 17,
        "questionId": "question_1763331129026_7333",
        "questionType": "multiple_choice",
        "questionText": "According to you, which party will win the upcoming election in your constituency? {আপনার মতে, আপনার বিধানসভা কেন্দ্রে আগামী নির্বাচনে কোন দল জিতবে?}",
        "questionDescription": "",
        "questionOptions": [
          "AITC (Trinamool Congress) {এআইটিসি (তৃণমূল কংগ্রেস)}",
          "BJP {বিজেপি}",
          "INC (Congress) {আইএনসি (কংগ্রেস)}",
          "Left Front {বামফ্রন্ট}",
          "Others (Specify) {অন্যান্য (উল্লেখ করুন)}",
          "Don’t know/Can’t say {জানি না / বলতে পারব না}"
        ],
        "response": "don’t_know/can’t_say_{জানি_না_/_বলতে_পারব_না}",
        "responseTime": 0,
        "isRequired": true,
        "isSkipped": false
      },
      {
        "sectionIndex": 2,
        "questionIndex": 0,
        "questionId": "question_1763331368425_960",
        "questionType": "multiple_choice",
        "questionText": "Could you please tell me the religion that you belong to? {আপনি কোন ধর্মের অনুসারী, অনুগ্রহ করে বলবেন?}",
        "questionDescription": "",
        "questionOptions": [
          "Hindu {হিন্দু”}",
          "Muslim {মুসলিম}",
          "Christian {খ্রিস্টান}",
          "Sikh {শিখ}",
          "Jain {জৈন}",
          "Buddhist {বৌদ্ধ}",
          "No response {উত্তর দেননি}",
          "Others (Specify) {অন্যান্য (উল্লেখ করুন)}"
        ],
        "response": "hindu_{হিন্দু”}",
        "responseTime": 0,
        "isRequired": true,
        "isSkipped": false
      },
      {
        "sectionIndex": 2,
        "questionIndex": 1,
        "questionId": "question_1764535616582_6213",
        "questionType": "multiple_choice",
        "questionText": "Which social category do you belong to? {আপনি কোন সামাজিক শ্রেণিভুক্ত, বলবেন}",
        "questionDescription": "",
        "questionOptions": [
          "General/OC {সাধারণ / ওসি}",
          "Schedule Castes {তফসিলি জাতি (এসসি)}",
          "Schedule Tribes {তফসিলি উপজাতি (এসটি)}",
          "Other Backward Caste {অন্যান্য অনগ্রসর জাতি (ওবিসি)}",
          "No response {উত্তর দেননি}"
        ],
        "response": "schedule_castes_{তফসিলি_জাতি_(এসসি)}",
        "responseTime": 0,
        "isRequired": true,
        "isSkipped": false
      },
      {
        "sectionIndex": 2,
        "questionIndex": 2,
        "questionId": "question_1763331642923_6688",
        "questionType": "multiple_choice",
        "questionText": "Could you please tell me your caste? {আপনার জাতিটি কী, অনুগ্রহ করে বলবেন?}",
        "questionDescription": "",
        "questionOptions": [
          "Aguri {আগুরি}",
          "Kansabanik {কাঁসাবণিক}",
          "sadgop {সদ্গোপ}",
          "shunri {শুনরি}",
          "Yadav {যাদব}",
          "Santal {সাঁওতাল}",
          "Pod {পোড়}",
          "Tanti {“তাঁতি}",
          "Namaseej {“নমশূদ্র}",
          "Brahmins {ব্রাহ্মণ}",
          "Kayasthas {কায়স্থ}",
          "Baidyas {বৈদ্য}",
          "Rajputs {রাজপুত}",
          "Kshatriyas {ক্ষত্রিয়}",
          "Barui {বারুই}",
          "Gandha Banik {গন্ধ বণিক}",
          "Kulin Kayasthas {কুলীন কায়স্থ}",
          "Mahishya {মহিষ্য}",
          "Namasudra {নমশূদ্র}",
          "Rajbanshi {রাজবংশী}",
          "Poundra {পৌণ্ড্র}",
          "Dom {ডোম}",
          "Bagdi {বাগদি}",
          "Chamar {চামার}",
          "Much {মুচি}",
          "Kori {কোরি}",
          "Haldar {হালদার}",
          "Santhal {সাঁওতাল}",
          "Munda {মুণ্ডা}",
          "Oraon {উরাঁও}",
          "Bhumij {ভূমিজ}",
          "Ho {হো}",
          "Lodha {লোধা}",
          "Bhil {ভিল}",
          "Birhor {বিড়হর}",
          "Mahali {মাহালি}",
          "Teli/Teli Sahu {তেলি / তেলি সাহু}",
          "Napit {নাপিত}",
          "Karmakar {কর্মকার}",
          "Rajak {রাজক}",
          "Dhoba {ধোবা}",
          "Hela {হেলা}",
          "Kahar {কাহার}",
          "Keot {কেওট}",
          "Kurmi {কুর্মি}",
          "Pasi {পাসি}",
          "Others (Specify) {অন্যান্য (উল্লেখ করুন)}",
          "Refused to respond {উত্তর দিতে অস্বীকার করেছেন}"
        ],
        "response": "namaseej_{“নমশূদ্র}",
        "responseTime": 0,
        "isRequired": true,
        "isSkipped": false
      },
      {
        "sectionIndex": 2,
        "questionIndex": 3,
        "questionId": "question_1763335795981_3591",
        "questionType": "multiple_choice",
        "questionText": "Could you please tell me the highest educational level of the most educated female of the household? {আপনার পরিবারের মধ্যে যিনি সবচেয়ে বেশি শিক্ষিত মহিলা, তাঁর সর্বোচ্চ শিক্ষাগত যোগ্যতা কী — অনুগ্রহ করে বলবেন?}",
        "questionDescription": "",
        "questionOptions": [
          "No female adult {কোনো প্রাপ্তবয়স্ক মহিলা নেই}",
          "No formal education {কোনো প্রাতিষ্ঠানিক শিক্ষা নেই}",
          "Upto class 5 {পঞ্চম শ্রেণি পর্যন্ত}",
          "Class 6-9 {ক্লাস ৬–৯}",
          "Class 10-14 {ক্লাস ১০–১৪}",
          "Degree(regular) {সাধারণ ডিগ্রি}",
          "Professional Degree {পেশাগত ডিগ্রি}"
        ],
        "response": "class_10-14_{ক্লাস_১০–১৪}",
        "responseTime": 0,
        "isRequired": true,
        "isSkipped": false
      },
      {
        "sectionIndex": 2,
        "questionIndex": 4,
        "questionId": "question_1763335900264_2960",
        "questionType": "multiple_choice",
        "questionText": "Could you please tell me the highest educational level of the most educated male of the household? {আপনার পরিবারের মধ্যে যিনি সবচেয়ে বেশি শিক্ষিত পুরুষ, তাঁর সর্বোচ্চ শিক্ষাগত যোগ্যতা কী — অনুগ্রহ করে বলবেন?}",
        "questionDescription": "",
        "questionOptions": [
          "No male adult {কোনো প্রাপ্তবয়স্ক পুরুষ নেই}",
          "No formal education {কোনো প্রাতিষ্ঠানিক শিক্ষা নেই}",
          "Upto class 5 {পঞ্চম শ্রেণি পর্যন্ত}",
          "Class 6-9 {ক্লাস ৬–৯}",
          "Class 10-14 {ক্লাস ১০–১৪}",
          "Degree(regular) {সাধারণ ডিগ্রি}",
          "Professional Degree {পেশাগত ডিগ্রি}"
        ],
        "response": "degree(regular)_{সাধারণ_ডিগ্রি}",
        "responseTime": 0,
        "isRequired": true,
        "isSkipped": false
      },
      {
        "sectionIndex": 2,
        "questionIndex": 5,
        "questionId": "question_1763335977619_9678",
        "questionType": "multiple_choice",
        "questionText": "What is the occupation of the chief wage earner? {পরিবারের প্রধান উপার্জনকারী ব্যক্তির পেশা কী?}",
        "questionDescription": "",
        "questionOptions": [
          "Labour {শ্রমিক}",
          "Farmer {চাষি}",
          "Worker {কর্মী}",
          "Trader {ব্যবসায়ী}",
          "Clerical Sales/Supervisor {ক্লারিক্যাল / সেলস / সুপারভাইজার}",
          "Managerial/Professional {প্রবন্দকীয় / পেশাদার}"
        ],
        "response": "farmer_{চাষি}",
        "responseTime": 0,
        "isRequired": true,
        "isSkipped": false
      },
      {
        "sectionIndex": 2,
        "questionIndex": 6,
        "questionId": "question_1763336593538_4176",
        "questionType": "numeric",
        "questionText": "Would you like to share your mobile number with us? We assure you we shall keep it confidential and shall use only for quality control purposes. {আপনি কি আপনার মোবাইল নম্বরটা আমাদের দিতে চান? আমরা নিশ্চয়তা দিচ্ছি, এটা পুরোপুরি গোপন রাখা হবে এবং শুধু কোয়ালিটি কন্ট্রোলের জন্যই ব্যবহার করা হবে।}",
        "questionDescription": "",
        "questionOptions": [],
        "response": 9735458145,
        "responseTime": 0,
        "isRequired": false,
        "isSkipped": false
      },
      {
        "sectionIndex": 2,
        "questionIndex": 7,
        "questionId": "68fd1915d41841da463f0d46_fixed_respondent_name",
        "questionType": "text",
        "questionText": "Would You like to share your name with us? We assure you we shall keep it confidential {আপনি কি আপনার নাম আমাদের সঙ্গে শেয়ার করতে চান? আমরা নিশ্চয়তা দিচ্ছি, আপনার নাম সম্পূর্ণ গোপন রাখা হবে।}",
        "questionDescription": "",
        "questionOptions": [],
        "response": "Mamoni Biswas",
        "responseTime": 0,
        "isRequired": true,
        "isSkipped": false
      },
      {
        "sectionIndex": 2,
        "questionIndex": 8,
        "questionId": "question_1763336667547_6582",
        "questionType": "multiple_choice",
        "questionText": "Thank you for your excellent responses, can we contact you in future for similar surveys and get your valuable opinions? {আপনার চমৎকার উত্তরগুলোর জন্য ধন্যবাদ। ভবিষ্যতে এমন ধরনের সমীক্ষার জন্য আমরা কি আপনাকে আবার যোগাযোগ করতে পারি এবং আপনার মূল্যবান মতামত নিতে পারি?}",
        "questionDescription": "",
        "questionOptions": [
          "Yes, you can {হ্যাঁ, পারেন।}",
          "No please {না, দয়া করে।}"
        ],
        "response": "yes,_you_can_{হ্যাঁ,_পারেন।}",
        "responseTime": 0,
        "isRequired": true,
        "isSkipped": false
      }
    ],
    "isCompleted": true,
    "locationControlBooster": false,
    "geofencingError": null,
    "audioUrl": "audio/interviews/2025/12/6ff77ce2-d83c-45cd-a7af-9a2278a9b3ae_1766908531951_interview_6ff77ce2-d83c-45cd-a7af-9a2278a9b3ae_1766908531190.m4a"
  },
  "status": "pending",
  "syncAttempts": 0,
  "lastSyncAttempt": "2026-01-02T12:44:08.955Z",
  "error": "Failed to complete interview",
  "audioInfo": {
    "hasAudio": true,
    "audioPath": "file:///data/user/0/com.convergentinterviewer/files/offline_audio/audio_offline_1766900782422_1nfhz4sta_1766900782433.m4a",
    "audioFileSize": 7752749,
    "audioOfflinePath": "file:///data/user/0/com.convergentinterviewer/files/offline_audio/audio_offline_1766900782422_1nfhz4sta_1766900782433.m4a",
    "audioUri": "file:///data/user/0/com.convergentinterviewer/cache/Audio/recording-11942b91-2efd-4212-8d0d-c7b256961e43.m4a",
    "note": "Audio file is stored at: file:///data/user/0/com.convergentinterviewer/files/offline_audio/audio_offline_1766900782422_1nfhz4sta_1766900782433.m4a. Use the audio path to access the audio file from the device."
  },
  "exportedAt": "2026-01-02T12:50:23.120Z",
  "appVersion": "12"
}