{
  "interviewId": "offline_1767934520335_t6e393ivp",
  "sessionId": "1ee90a81-7fa6-4220-8dcf-07464e96a731",
  "surveyId": "68fd1915d41841da463f0d46",
  "surveyName": "West Bengal Opinion Poll (2025 - 2026)",
  "isCatiMode": false,
  "responses": {
    "supervisor-id": 99,
    "consent-form": "1",
    "ac-selection": "Tufanganj",
    "polling-station-group": "Group 2",
    "polling-station-selection": "53 - Singimari Higher Secondary School",
    "polling-station-station": "53 - Singimari Higher Secondary School",
    "68fd1915d41841da463f0d46_fixed_respondent_age": 29,
    "question_1761417249641_4544": "yes_{হ্যাঁ।{हाँ}}",
    "68fd1915d41841da463f0d46_fixed_respondent_gender": "male_{পুরুষ{पुरुष}}",
    "question_1761426438732_1224": [
      "print_media_(newspapers,_magazines)_{ছাপা_মাধ্যম_(সংবাদপত্র,_সাময়িকী){प्रिंट_मीडिया_(अखबार,_पत्रिकाएं)}}"
    ],
    "question_1761426587039_1902": "left_front_{বামফ্রন্ট{वाम_मोर्चा}}",
    "question_1761426797460_8585": "aitc_(trinamool_congress)_{এআইটিসি_(তৃণমূল_কংগ্রেস){एआईटीसी_(तृणमूल_कांग्रेस)}}",
    "question_1761427016019_4497": "not_yet_decided_{এখনও_সিদ্ধান্ত_নেননি{अभी_निर्णय_नहीं_लिया}}",
    "question_1763328790441_7067": "left_front_{বামফ্রন্ট{वाम_मोर्चा}}",
    "question_1763329078763_967": [
      "don’t_know/can’t_say_{জানি_না_/_বলতে_পারব_না{पता_नहीं/कह_नहीं_सकता।}}"
    ],
    "question_1763329234698_973": [
      "for_the_benefit_of_west_bengal_{পশ্চিমবঙ্গের_কল্যাণের_জন্য{पश्चिम_बंगाल_के_लाभ_के_लिए}}"
    ],
    "question_1763329928863_5638": [
      "bjp_is_better_for_hindus_{হিন্দুদের_জন্য_বিজেপি_বেশি_উপযোগী}"
    ],
    "question_1763330212127_6898": [
      "healthcare_not_good_{স্বাস্থ্যব্যবস্থা_ভালো_নয়}"
    ],
    "question_1763330373064_5280": 4,
    "question_1763330519494_1427": 1,
    "question_1763330578355_438": 2,
    "question_1764100979343_7247": 2,
    "question_1763330742735_7286": "dilip_ghosh_(bjp)_{দিলীপ_ঘোষ_(বিজেপি))}",
    "question_1763331129026_7333": "bjp_{বিজেপি}",
    "question_1763331368425_960": "sikh_{শিখ}",
    "question_1764535616582_6213": "schedule_tribes_{তফসিলি_উপজাতি_(এসটি)}",
    "question_1763331642923_6688": "kansabanik_{কাঁসাবণিক}",
    "question_1763335795981_3591": "no_formal_education_{কোনো_প্রাতিষ্ঠানিক_শিক্ষা_নেই}",
    "question_1763335900264_2960": "upto_class_5_{পঞ্চম_শ্রেণি_পর্যন্ত}",
    "question_1763335977619_9678": "worker_{কর্মী}",
    "question_1763336593538_4176": 0,
    "68fd1915d41841da463f0d46_fixed_respondent_name": "Rajeesh",
    "question_1763336667547_6582": "yes,_you_can_{হ্যাঁ,_পারেন।}"
  },
  "locationData": {
    "latitude": 28.5088136,
    "longitude": 77.3826271,
    "accuracy": 14.657999992370605,
    "address": "Jaypee Klassic Road , Noida, Uttar Pradesh, India",
    "city": "Noida",
    "state": "Uttar Pradesh",
    "country": "India",
    "timestamp": "2026-01-09T04:53:57.527Z",
    "source": "gps"
  },
  "selectedAC": "Tufanganj",
  "selectedPollingStation": {
    "state": "West Bengal",
    "acName": "Tufanganj",
    "acNo": "9",
    "pcNo": 2,
    "pcName": "ALIPURDUARS (ST)",
    "district": "COOCHBEHAR",
    "roundNumber": "1",
    "groupName": "Group 2",
    "stationName": "53 - Singimari Higher Secondary School",
    "gpsLocation": "26.09260390479,89.4281270735523",
    "latitude": 26.09260390479,
    "longitude": 89.4281270735523,
    "acCode": null
  },
  "selectedSetNumber": null,
  "startTime": "2026-01-09T04:53:55.060Z",
  "endTime": "2026-01-09T04:55:20.335Z",
  "duration": 85,
  "metadata": {
    "qualityMetrics": {
      "averageResponseTime": 0,
      "backNavigationCount": 0,
      "dataQualityScore": 100,
      "totalPauseTime": 0,
      "totalPauses": 0
    },
    "supervisorID": 99,
    "finalResponses": [
      {
        "sectionIndex": -3,
        "questionIndex": -3,
        "questionId": "supervisor-id",
        "questionType": "numeric",
        "questionText": "Enter Supervisor ID {সুপারভাইজার আইডি লিখুন}",
        "questionDescription": "",
        "questionOptions": [],
        "response": 99,
        "responseTime": 0,
        "isRequired": false,
        "isSkipped": false
      },
      {
        "sectionIndex": -2,
        "questionIndex": -2,
        "questionId": "consent-form",
        "questionType": "single_choice",
        "questionText": "Consent Form {সম্মতিপত্র}",
        "questionDescription": "Namaste, my name is Ajiths. We are from Convergent, an independent research organization. We are conducting a survey on social and political issues in West Bengal, interviewing thousands of people. I will ask you a few questions about government performance and your preferences. {নমস্কার, আমার নাম Ajiths। আমরা কনভার্জেন্ট থেকে কথা বলছি, এটা একটা স্বাধীন গবেষণা সংস্থা। আমরা পশ্চিমবঙ্গের সামাজিক ও রাজনৈতিক বিষয় নিয়ে একটা সার্ভে করছি, যেখানে হাজার হাজার মানুষের মতামত নেওয়া হচ্ছে। আমি আপনাকে সরকারী কাজকর্ম আর আপনার পছন্দ-অপছন্দ নিয়ে কয়েকটা প্রশ্ন করব।}\n\nYour responses will remain strictly confidential and will only be analysed in combination with others. No personal details will ever be shared. The survey will take about 5–10 minutes, and your honest opinions will greatly help us. {আপনার দেওয়া তথ্য পুরোপুরি গোপন রাখা হবে এবং শুধু অন্যদের সঙ্গে মিলিয়ে বিশ্লেষণ করা হবে—কোনো ব্যক্তিগত তথ্য কখনোই শেয়ার করা হবে না। সার্ভেটা প্রায় ৫–১০ মিনিট লাগবে, আর আপনার সৎ মতামত আমাদের জন্য খুবই গুরুত্বপূর্ণ।}\n\nShould I Continue? {আমি কি চালিয়ে যেতে পারি?}",
        "questionOptions": [
          "Yes {হ্যাঁ}",
          "No {না}"
        ],
        "response": "1",
        "responseTime": 0,
        "isRequired": true,
        "isSkipped": false
      },
      {
        "sectionIndex": -1,
        "questionIndex": -1,
        "questionId": "ac-selection",
        "questionType": "single_choice",
        "questionText": "Select Assembly Constituency",
        "questionDescription": "Please select the Assembly Constituency where you are conducting this interview.",
        "questionOptions": [
          "Natabari",
          "Tufanganj",
          "Kumargram",
          "Raghunathganj",
          "Bandwan"
        ],
        "response": "Tufanganj",
        "responseTime": 0,
        "isRequired": true,
        "isSkipped": false
      },
      {
        "sectionIndex": -1,
        "questionIndex": -0.5,
        "questionId": "polling-station-selection",
        "questionType": "polling_station",
        "questionText": "Select Polling Station",
        "questionDescription": "Please select the Group and Polling Station where you are conducting this interview.",
        "questionOptions": [],
        "response": "53 - Singimari Higher Secondary School",
        "responseTime": 0,
        "isRequired": true,
        "isSkipped": false
      },
      {
        "sectionIndex": 0,
        "questionIndex": 0,
        "questionId": "68fd1915d41841da463f0d46_fixed_respondent_age",
        "questionType": "numeric",
        "questionText": "Could you please tell me your age in complete years? {আপনার বয়সটা সম্পূর্ণ বছরে কত, একটু{क्या आप कृपया अपनी आयु पूर्ण वर्षों में बता सकते हैं?}}",
        "questionDescription": "",
        "questionOptions": [],
        "response": 29,
        "responseTime": 0,
        "isRequired": true,
        "isSkipped": false
      },
      {
        "sectionIndex": 1,
        "questionIndex": 0,
        "questionId": "question_1761417249641_4544",
        "questionType": "multiple_choice",
        "questionText": "Are you a registered voter in this assembly Constituency? {আপনি কি এই বিধানসভা কেন্দ্রে নিবন্ধিত ভোটার{क्या आप इस विधानसभा क्षेत्र में पंजीकृत मतदाता हैं?}}",
        "questionDescription": "",
        "questionOptions": [
          "Yes {হ্যাঁ।{हाँ}}",
          "No {না।{नहीं}}"
        ],
        "response": "yes_{হ্যাঁ।{हाँ}}",
        "responseTime": 0,
        "isRequired": true,
        "isSkipped": false
      },
      {
        "sectionIndex": 1,
        "questionIndex": 1,
        "questionId": "68fd1915d41841da463f0d46_fixed_respondent_gender",
        "questionType": "multiple_choice",
        "questionText": "Please note the respondent’s gender {অনুগ্রহ করে উত্তরদাতার লিঙ্গ নোট করুন।{कृपया उत्तरदाता के लिंग का उल्लेख करें।}}",
        "questionDescription": "",
        "questionOptions": [
          "Male {পুরুষ{पुरुष}}",
          "Female {মহিলা{महिला}}"
        ],
        "response": "male_{পুরুষ{पुरुष}}",
        "responseTime": 0,
        "isRequired": true,
        "isSkipped": false
      },
      {
        "sectionIndex": 1,
        "questionIndex": 2,
        "questionId": "question_1761426438732_1224",
        "questionType": "multiple_choice",
        "questionText": "How do you primarily gather information about politics? {রাজনীতি সম্পর্কে আপনি মূলত কীভাবে তথ্য সংগ্রহ করেন? {आप मुख्य रूप से राजनीतिक दलों और उम्मीदवारों के बारे में जानकारी कैसे जुटाते हैं}}",
        "questionDescription": "",
        "questionOptions": [
          "Television news {টেলিভিশন সংবাদ{टेलीविजन समाचार}}",
          "Print media (newspapers, magazines) {ছাপা মাধ্যম (সংবাদপত্র, সাময়িকী){प्रिंट मीडिया (अखबार, पत्रिकाएं)}}",
          "Social media platforms (Facebook, Twitter, etc.) {সোশ্যাল মিডিয়া প্ল্যাটফর্ম (ফেসবুক, টুইটার ইত্যাদি){सोशल मीडिया प्लेटफॉर्म (फेसबुक, ट्विटर आदि)}}",
          "Conversations with friends and family {বন্ধু ও পরিবারের সঙ্গে কথোপকথন{दोस्तों और परिवार के साथ बातचीत}}",
          "Political rallies and events {রাজনৈতিক সমাবেশ ও অনুষ্ঠান{राजनीतिक रैलियां और कार्यक्रम}}",
          "Others (Specify) {অন্যান্য (অনুগ্রহ করে উল্লেখ করুন){अन्य (कृपया स्पष्ट करें)}}"
        ],
        "response": [
          "print_media_(newspapers,_magazines)_{ছাপা_মাধ্যম_(সংবাদপত্র,_সাময়িকী){प्रिंट_मीडिया_(अखबार,_पत्रिकाएं)}}"
        ],
        "responseTime": 0,
        "isRequired": true,
        "isSkipped": false
      },
      {
        "sectionIndex": 1,
        "questionIndex": 3,
        "questionId": "question_1761426587039_1902",
        "questionType": "multiple_choice",
        "questionText": "2021 AE Party Choice: {২০২১ বিধানসভা নির্বাচনে (এমএলএ):{आपने 2021 के पिछले विधानसभा चुनावों (विधायक) में किस पार्टी को वोट दिया था?}}",
        "questionDescription": "Which party did you vote for in the last assembly elections (MLA) in 2021? {২০২১ বিধানসভা নির্বাচনে (এমএলএ) আপনি কোন দলকে ভোট দিয়েছিলেন{}}",
        "questionOptions": [
          "AITC (Trinamool Congress) {এআইটিসি (তৃণমূল কংগ্রেস){एआईटीसी (तृणमूल कांग्रेस)}}",
          "BJP {বিজেপি{भाजपा}}",
          "INC(Congress) {আইএনসি (কংগ্রেস){आईएनसी (कांग्रेस)}}",
          "Left Front {বামফ্রন্ট{वाम मोर्चा}}",
          "Independent {নির্দল{स्वतंत्र}}",
          "NOTA {নোটা{नोट ए}}",
          "Did not vote {ভোট দেননি{मतदान नहीं किया}}",
          "Not eligible for voting {ভোট দেওয়ার যোগ্য নন{कोई प्रतिक्रिया नहीं/जवाब देने से }}",
          "No response/Refused to answer {উত্তর দেননি / উত্তর দিতে অস্বীকার করেছেন{कोई जवाब नहीं मिला/जवाब देने से इनकार कर दिया}}",
          "Others (Specify) {অন্যান্য (উল্লেখ করুন){अन्य (स्पष्ट करें)}}"
        ],
        "response": "left_front_{বামফ্রন্ট{वाम_मोर्चा}}",
        "responseTime": 0,
        "isRequired": true,
        "isSkipped": false
      },
      {
        "sectionIndex": 1,
        "questionIndex": 4,
        "questionId": "question_1761426797460_8585",
        "questionType": "multiple_choice",
        "questionText": "2024 GE Party Choice: { ২০২৪ লোকসভা নির্বাচনে (এমপি):{आपने 2024 के पिछले लोकसभा चुनावों (मध्य प्रदेश) में किस पार्टी को वोट दिया था?}}",
        "questionDescription": "Which party did you vote for in the last Lok Sabha elections (MP) in 2024? {২০২৪ লোকসভা নির্বাচনে (এমপি) আপনি কোন দলকে ভোট দিয়েছিলেন?{}}",
        "questionOptions": [
          "AITC (Trinamool Congress) {এআইটিসি (তৃণমূল কংগ্রেস){एआईटीसी (तृणमूल कांग्रेस)}}",
          "BJP {বিজেপি{भाजपा}}",
          "INC(Congress) {আইএনসি (কংগ্রেস){आईएनसी (कांग्रेस)}}",
          "Left Front {বামফ্রন্ট{वाम मोर्चा}}",
          "Independent {নির্দল{स्वतंत्र}}",
          "NOTA {নোটা{नोट ए}}",
          "Did not vote {ভোট দেননি{मतदान नहीं किया}}",
          "Not eligible for voting {ভোট দেওয়ার যোগ্য নন{मतदान के लिए पात्र नहीं }}",
          "Refused to answer {উত্তর দিতে অস্বীকার করেছেন{जवाब देने से इनकार कर दिया }}",
          "Others (specify) {অন্যান্য(উল্লেখ করুন){अन्य (स्पष्ट करें)}}"
        ],
        "response": "aitc_(trinamool_congress)_{এআইটিসি_(তৃণমূল_কংগ্রেস){एआईटीसी_(तृणमूल_कांग्रेस)}}",
        "responseTime": 0,
        "isRequired": true,
        "isSkipped": false
      },
      {
        "sectionIndex": 1,
        "questionIndex": 5,
        "questionId": "question_1761426875141_5942",
        "questionType": "multiple_choice",
        "questionText": "Bye-Election Party Choice: {উপ-নির্বাচন দলের পছন্দ:{2021 के बाद आपके विधानसभा क्षेत्र (विधायक) में हुए उपचुनावों में आपने किस पार्टी को वोट दिया?}}",
        "questionDescription": "Whom did you vote for in the by-election after 2021 in your assembly constituency? {২০২১ সালের পর আপনার বিধানসভা কেন্দ্রে যে উপনির্বাচন হয়েছে, সেখানে আপনি কাকে ভোট দিয়েছিলেন{}}",
        "questionOptions": [
          "AITC (Trinamool Congress) {এআইটিসি (তৃণমূল কংগ্রেস){एआईटीसी (तृणमूल कांग्रेस)}}",
          "BJP {বিজেপি{भाजपा}}",
          "INC(Congress) {আইএনসি (কংগ্রেস){आईएनसी (कांग्रेस)}}",
          "Left Front {বামফ্রন্ট{वाम मोर्चा}}",
          "Independent {নির্দল{स्वतंत्र}}",
          "Others (specify) {অন্যান্য(উল্লেখ করুন){अन्य (स्पष्ट करें)}}",
          "NOTA {নোটা{नोट ए}}",
          "Did not vote {ভোট দেননি{मतदान नहीं किया}}",
          "Not eligible for voting {ভোট দেওয়ার যোগ্য নন{मतदान के लिए पात्र नहीं }}",
          "Refused to answer {উত্তর দিতে অস্বীকার করেছেন{जवाब देने से इनकार कर दिया }}"
        ],
        "response": "",
        "responseTime": 0,
        "isRequired": true,
        "isSkipped": true
      },
      {
        "sectionIndex": 1,
        "questionIndex": 6,
        "questionId": "question_1761427016019_4497",
        "questionType": "multiple_choice",
        "questionText": "2025 Preference {২০২৫ পছন্দ{यदि विधानसभा चुनाव (विधायक चुनाव) कल होते, तो आप किस पार्टी को वोट देते?}}",
        "questionDescription": "If assembly elections are held tomorrow, which party would you vote for? {আগামীকাল যদি বিধানসভা নির্বাচন হয়, আপনি কোন দলকে ভোট দেবেন{}}",
        "questionOptions": [
          "AITC (Trinamool Congress) {এআইটিসি (তৃণমূল কংগ্রেস){एआईटीसी (तृणमूल कांग्रेस)}}",
          "BJP {বিজেপি{भाजपा}}",
          "INC(Congress) {আইএনসি (কংগ্রেস){आईएनसी (कांग्रेस)}}",
          "Left Front {বামফ্রন্ট{वाम मोर्चा}}",
          "Independent {নির্দল{निर्दलीय}}",
          "Others (Specify) {অন্যান্য(উল্লেখ করুন){अन्य (स्पष्ट करें)}}",
          "NOTA {নোটা{नोटए}}",
          "Will not vote {ভোট দেবেন না{मतदान नहीं करेंगे}}",
          "Not yet decided {এখনও সিদ্ধান্ত নেননি{अभी निर्णय नहीं लिया}}",
          "Refused to answer {উত্তর দিতে অস্বীকার করেছেন{उत्तर देने से इनकार कर दिया}}",
          "Janata Unnayan Party {জানাটা  উন্নয়ন  পার্টি {जनता उन्नयन पार्टी }}"
        ],
        "response": "not_yet_decided_{এখনও_সিদ্ধান্ত_নেননি{अभी_निर्णय_नहीं_लिया}}",
        "responseTime": 0,
        "isRequired": true,
        "isSkipped": false
      },
      {
        "sectionIndex": 1,
        "questionIndex": 7,
        "questionId": "question_1763328790441_7067",
        "questionType": "multiple_choice",
        "questionText": "Second Choice: {দ্বিতীয় পছন্দ{मान लीजिए कि आपकी पसंद की पार्टी आपके विधानसभा क्षेत्र में चुनाव नहीं लड़ती है, तो आप किस पार्टी को चुनेंगे?}}",
        "questionDescription": "If the party you chose doesn’t contest in your assembly constituency, then which party would you choose? {আপনি যে দলটিকে প্রথমে বেছে নিয়েছেন, যদি সেই দলটি আপনার বিধানসভা কেন্দ্রে নির্বাচন না লড়ে, তাহলে আপনি কোন দলকে ভোট দেবেন{}}",
        "questionOptions": [
          "AITC (Trinamool Congress) {এআইটিসি (তৃণমূল কংগ্রেস){एआईटीसी (तृणमूल कांग्रेस)}}",
          "BJP {বিজেপি{भाजपा}}",
          "INC(Congress) {আইএনসি (কংগ্রেস){आईएनसी (कांग्रेस)}}",
          "Left Front {বামফ্রন্ট{वाम मोर्चा}}",
          "Independent {নির্দল{निर्दलीय}}",
          "Others (Specify) {অন্যান্য(উল্লেখ করুন){अन्य (स्पष्ट करें)}}",
          "NOTA {নোটা{नोटए}}",
          "I will not vote for anyone else {ভোট দেবেন না{मैं किसी और को वोट नहीं दूंगा}}",
          "Refused to answer {উত্তর দিতে অস্বীকার করেছেন{उत्तर देने से इनकार कर दिया}}"
        ],
        "response": "left_front_{বামফ্রন্ট{वाम_मोर्चा}}",
        "responseTime": 0,
        "isRequired": true,
        "isSkipped": false
      },
      {
        "sectionIndex": 1,
        "questionIndex": 8,
        "questionId": "question_1763329078763_967",
        "questionType": "multiple_choice",
        "questionText": "Second choice reasons: {দ্বিতীয় পছন্দের কারণ:{क्या आप हमें बता सकते हैं कि आपने उपरोक्त पार्टी को अपने दूसरे विकल्प के रूप में क्यों चुना?}}",
        "questionDescription": "Could you tell us the reason for choosing the above party as your second choice? {উপরের দলটিকে দ্বিতীয় পছন্দ হিসেবে বেছে নেওয়ার কারণটি কি বলবেন{}}",
        "questionOptions": [
          "The party works for my caste and community {দলটি আমার জাতি ও সম্প্রদায়ের জন্য কাজ করে{यह पार्टी मेरी जाति और समुदाय के लिए काम करती है।}}",
          "The party makes some good arguments in their speeches {দলটি তাদের বক্তৃতায় ভালো কিছু যুক্তি তুলে ধরে{पार्टी अपने भाषणों में अच्छे तर्क देती है।}}",
          "The party supports my first choice party {দলটি আমার প্রথম পছন্দের দলকে সমর্থন করে{पार्टी मेरी पहली पसंद की पार्टी का समर्थन करती है।}}",
          "The leaders of the party work for Bengal {দলের নেতারা বাংলার জন্য কাজ করেন{पार्टी के नेता बंगाल के लिए काम करते हैं।}}",
          "Do not wish to vote for any other party {অন্য কোনো দলকে ভোট দিতে ইচ্ছুক নই{मैं किसी अन्य पार्टी को वोट नहीं देना चाहता।}}",
          "Others (Specify) {অন্যান্য (উল্লেখ করুন){अन्य (स्पष्ट करें)}}",
          "Don’t know/can’t say {জানি না / বলতে পারব না{पता नहीं/कह नहीं सकता।}}"
        ],
        "response": [
          "don’t_know/can’t_say_{জানি_না_/_বলতে_পারব_না{पता_नहीं/कह_नहीं_सकता।}}"
        ],
        "responseTime": 0,
        "isRequired": true,
        "isSkipped": false
      },
      {
        "sectionIndex": 1,
        "questionIndex": 9,
        "questionId": "question_1763329234698_973",
        "questionType": "multiple_choice",
        "questionText": "In your opinion what could be the reasons for voting for AITC? {আপনার মতে তৃণমূল কংগ্রেসকে (AITC) ভোট দেওয়ার কারণগুলো কী হতে পারে?{आपकी राय में एआईटीसी को वोट देने के शीर्ष 3 कारण क्या हैं?}}",
        "questionDescription": "",
        "questionOptions": [
          "The party has performed well in the state {দলটি রাজ্যে ভালো কাজ করেছে{पार्टी ने राज्य में अच्छा प्रदर्शन किया है}}",
          "For Good governance /delivering government services {সুশাসনের জন্য / সরকারি সেবা পৌঁছে দেওয়ার জন্য{सुशासन/सरकारी सेवाओं के वितरण के लिए}}",
          "For the benefit of West Bengal {পশ্চিমবঙ্গের কল্যাণের জন্য{पश्चिम बंगाल के लाभ के लिए}}",
          "For the development of WB {পশ্চিমবঙ্গের উন্নয়নের জন্য{पश्चिम बंगाल के विकास के लिए }}",
          "The party provides good services when it comes to healthcare/education/drinking water/electricity/housing {স্বাস্থ্য, শিক্ষা, পানীয় জল, বিদ্যুৎ ও আবাসনের ক্ষেত্রে দলটি ভালো পরিষেবা দেয়{पार्टी स्वास्थ्य सेवा/शिक्षा/पेयजल/बिजली/आवास के }}",
          "Works for farmers/agriculture/irrigation {চাষি, কৃষি ও সেচের জন্য কাজ করে{किसानों/कृषि/सिंचाई के लिए काम करती है}}",
          "Promotes small businesses {ছোট ব্যবসাকে উৎসাহ দেয়{लघु व्यवसायों को बढ़ावा देती है}}",
          "Works for the poor {গরিবদের জন্য কাজ করে{गरीबों के लिए काम करती है}}",
          "To control price rise {দামবৃদ্ধি নিয়ন্ত্রণের জন্য{मूल्य वृद्धि को नियंत्रित करने के लिए}}",
          "The party will generate more employment {দলটি আরও কর্মসংস্থান সৃষ্টি করবে{पार्टी अधिक रोजगार सृजित करेगी }}",
          "For greater communal harmony {বৃহত্তর সাম্প্রদায়িক সম্প্রীতির{अधिक सांप्रदायिक सद्भाव के लिए}}",
          "Mamata B. is the best CM of Bengal so far {মমতা বন্দ্যোপাধ্যায় এখন পর্যন্ত বাংলার সেরা মুখ্যমন্ত্রী{ममता बी. अब तक बंगाल की सर्वश्रेष्ठ मुख्यमंत्री हैं}}",
          "For minorities’ welfare {সংখ্যালঘুদের কল্যাণের জন্য{अल्पसंख्यकों के कल्याण के लिए }}",
          "Others (Specify) {অন্যান্য (উল্লেখ করুন){अन्य _______ (स्पष्ट करें)}}",
          "Don’t know/ Can’t Say {জানি না / বলতে পারব না{पता नहीं/कह नहीं सकते}}"
        ],
        "response": [
          "for_the_benefit_of_west_bengal_{পশ্চিমবঙ্গের_কল্যাণের_জন্য{पश्चिम_बंगाल_के_लाभ_के_लिए}}"
        ],
        "responseTime": 0,
        "isRequired": true,
        "isSkipped": false
      },
      {
        "sectionIndex": 1,
        "questionIndex": 10,
        "questionId": "question_1763329928863_5638",
        "questionType": "multiple_choice",
        "questionText": "In your opinion what could be the reasons for voting for BJP? {আপনার মতে বিজেপিকে ভোট দেওয়ার কারণগুলো কী হতে পারে{आपकी राय में भाजपा को वोट देने के शीर्ष 3 कारण क्या हैं?}}",
        "questionDescription": "Do NOT read out the options. Select the most appropriate option based on what the respondent says spontaneously. {বিকল্পগুলি পড়ে শোনাবেন না। উত্তরদাতা স্বতঃস্ফূর্তভাবে যা বলেন তার উপর ভিত্তি করে সবচেয়ে উপযুক্ত বিকল্পটি নির্বাচন করুন।{विकल्प न पढ़ें, उत्तरदाता द्वारा स्वतः दिए गए उत्तर के आधार पर सबसे उपयुक्त विकल्प चुनें}}",
        "questionOptions": [
          "BJP has proven to be a stable govt. at the centre {কেন্দ্রে বিজেপি একটি স্থিতিশীল সরকার হিসেবে প্রমাণিত হয়েছে{केंद्र में भाजपा एक स्थिर सरकार साबित हुई है।}}",
          "For Good governance /delivering government services {সুশাসনের জন্য / সরকারি সেবা পৌঁছে দেওয়ার জন্য{सुशासन/सरकारी सेवाओं के बेहतर वितरण के लिए}}",
          "Because of Narendra Modi: good/ strong/decisive leader {নরেন্দ্র মোদির জন্য: তিনি একজন ভালো/শক্তিশালী/দৃঢ় নেতা{नरेंद्र मोदी के कारण: अच्छे/मजबूत/निर्णायक नेता}}",
          "For the better development of WB {পশ্চিমবঙ্গের আরও ভালো উন্নয়নের জন্য{}}",
          "Better for farmers/agriculture/irrigation {চাষি, কৃষি ও সেচের ক্ষেত্রে আরও ভালো}",
          "Better for small businesses {ছোট ব্যবসার জন্য আরও ভালো}",
          "For better healthcare/education/drinking water/electricity/housing {স্বাস্থ্য, শিক্ষা, পানীয় জল, বিদ্যুৎ ও আবাসনের ক্ষেত্রে আরও ভালো পরিষেবা দেয়}",
          "For good welfare schemes {ভালো কল্যাণমূলক প্রকল্পগুলোর জন্য}",
          "BJP is better for Hindus {হিন্দুদের জন্য বিজেপি বেশি উপযোগী}",
          "BJP cares for the poor {বিজেপি গরিবদের জন্য কাজ করে}",
          "TMC has not performed in West Bengal {তৃণমূল পশ্চিমবঙ্গে ভালো কাজ করেনি}",
          "Others (Specify) {অন্যান্য (উল্লেখ করুন)}",
          "Don’t know/ Can’t Say {জানি না / বলতে পারব না}"
        ],
        "response": [
          "bjp_is_better_for_hindus_{হিন্দুদের_জন্য_বিজেপি_বেশি_উপযোগী}"
        ],
        "responseTime": 0,
        "isRequired": true,
        "isSkipped": false
      },
      {
        "sectionIndex": 1,
        "questionIndex": 11,
        "questionId": "question_1763330212127_6898",
        "questionType": "multiple_choice",
        "questionText": "In your opinion, what are the three most pressing issues in West Bengal? {আপনার মতে, পশ্চিমবঙ্গের সবচেয়ে জরুরি তিনটি সমস্যা কী কী}",
        "questionDescription": "Do NOT read out the options. Select the most appropriate option based on what the respondent says spontaneously. {বিকল্পগুলি পড়ে শোনাবেন না। উত্তরদাতা স্বতঃস্ফূর্তভাবে যা বলেন তার উপর ভিত্তি করে সবচেয়ে উপযুক্ত বিকল্পটি নির্বাচন করুন।}",
        "questionOptions": [
          "Price rise / inflation {দামবৃদ্ধি / মুদ্রাস্ফীতি}",
          "Unemployment / lack of jobs {বেকারত্ব / চাকরির অভাব}",
          "Electricity/power problems {বিদ্যুৎ / পাওয়ার সমস্যার}",
          "Healthcare not good {স্বাস্থ্যব্যবস্থা ভালো নয়}",
          "Education system issues {শিক্ষাব্যবস্থার সমস্যা}",
          "Voter list issues / fear of losing citizenship {ভোটার লিস্ট সমস্যা / নাগরিকত্ব হারানোর ভয়}",
          "Safety for migrant workers {প্রবासी শ্রমিকদের নিরাপত্তা}",
          "Teacher protests & job insecurity {শিক্ষকদের আন্দোলন ও চাকরির অনিশ্চয়তা}",
          "Floods and natural disasters {বন্যা ও প্রাকৃতিক দুর্যোগ}",
          "Communal tensions / law-and- order concerns {সাম্প্রদায়িক উত্তেজনা / আইন- শৃঙ্খলার সমস্যা}",
          "Safety of women (crime / security) {মহিলাদের নিরাপত্তা (অপরাধ / সুরক্ষা)}",
          "Infrastructure (roads, connectivity) {পরিকাঠামো (রাস্তাঘাট, যোগাযোগ)}",
          "Others (Specify) {অন্যান্য (উল্লেখ করুন)}"
        ],
        "response": [
          "healthcare_not_good_{স্বাস্থ্যব্যবস্থা_ভালো_নয়}"
        ],
        "responseTime": 0,
        "isRequired": true,
        "isSkipped": false
      },
      {
        "sectionIndex": 1,
        "questionIndex": 12,
        "questionId": "question_1763330373064_5280",
        "questionType": "rating",
        "questionText": "Satisfaction with the CM {মুখ্যমন্ত্রীর প্রতি সন্তুষ্টি:}",
        "questionDescription": "How satisfied or dissatisfied are you with the Mamata Banerjee–led state government? {মমতা বন্দ্যোপাধ্যায় নেতৃত্বাধীন রাজ্য সরকার নিয়ে আপনি কতটা সন্তুষ্ট বা অসন্তুষ্ট}",
        "questionOptions": [],
        "response": 4,
        "responseTime": 0,
        "isRequired": true,
        "isSkipped": false
      },
      {
        "sectionIndex": 1,
        "questionIndex": 13,
        "questionId": "question_1763330519494_1427",
        "questionType": "rating",
        "questionText": "Satisfaction with the Opposition {বিরোধী দলের প্রতি সন্তুষ্টি:}",
        "questionDescription": "How satisfied or dissatisfied are you with BJP’s performance as the opposition in the state? {রাজ্যে বিরোধী দল হিসেবে বিজেপির কাজকর্ম নিয়ে আপনি কতটা সন্তুষ্ট বা অসন্তুষ্ট}",
        "questionOptions": [],
        "response": 1,
        "responseTime": 0,
        "isRequired": true,
        "isSkipped": false
      },
      {
        "sectionIndex": 1,
        "questionIndex": 14,
        "questionId": "question_1763330578355_438",
        "questionType": "rating",
        "questionText": "Satisfaction with MP {এমপি ও এমএলএর প্রতি সন্তুষ্টি:}",
        "questionDescription": "How satisfied or dissatisfied are you with the work done by Your current MP {নিম্নলিখিতদের কাজকর্ম নিয়ে আপনি কতটা সন্তুষ্ট বা অসন্তুষ্ট? ক. আপনার বর্তমান সংসদ সদস্য (MP)}",
        "questionOptions": [],
        "response": 2,
        "responseTime": 0,
        "isRequired": true,
        "isSkipped": false
      },
      {
        "sectionIndex": 1,
        "questionIndex": 15,
        "questionId": "question_1764100979343_7247",
        "questionType": "rating",
        "questionText": "Satisfaction with MLA {এমপি ও এমএলএর প্রতি সন্তুষ্টি:}",
        "questionDescription": "How satisfied or dissatisfied are you with the work done by Your current MLA {খ. আপনার বর্তমান বিধায়ক (MLA)}",
        "questionOptions": [],
        "response": 2,
        "responseTime": 0,
        "isRequired": true,
        "isSkipped": false
      },
      {
        "sectionIndex": 1,
        "questionIndex": 16,
        "questionId": "question_1763330742735_7286",
        "questionType": "multiple_choice",
        "questionText": "Preferred CM Candidate: {পছন্দের মুখ্যমন্ত্রী প্রার্থী:}",
        "questionDescription": "Who do you think is the best leader to be the Chief Minister of West Bengal? { আপনার মতে, পশ্চিমবঙ্গের মুখ্যমন্ত্রী হিসেবে সবচেয়ে উপযুক্ত নেতা কে}",
        "questionOptions": [
          "Mamata Banerjee(TMC) {মমতা বন্দ্যোপাধ্যায় (তৃণমূল)}",
          "Dilip Ghosh (BJP) {দিলীপ ঘোষ (বিজেপি))}",
          "Suvendu Adhikari (BJP) {শুভেন্দু অধিকারী (বিজেপি)}",
          "Sukanta Majumudar (BJP) {সুকান্ত মজুমদার (বিজেপি)}",
          "Abhishek Banerjee (TMC) {অভিষেক বন্দ্যোপাধ্যায় (তৃণমূল)}",
          "Samik Bhattacharya (BJP) {ষমিক ভট্টাচার্য (বিজেপি)}",
          "Subhankar Sarkar (INC) {শুভঙ্কর সরকার (কংগ্রেস)}",
          "Biman Bose (Left Front) {বিমান বসু (বামফ্রন্ট)}",
          "Srideep (Sridip) Bhattacharya (Left Front) {শ্রীদীপ (শ্রীদীপ) ভট্টাচার্য (বামফ্রন্ট)}",
          "Anyone from TMC {তৃণমূলের যেকোনো ব্যক্তি}",
          "Anyone from INC {কংগ্রেসের যেকোনো ব্যক্তি}",
          "Anyone from BJP {বিজেপির যেকোনো ব্যক্তি}",
          "Others (Specify) {অন্যান্য (উল্লেখ করুন)}",
          "Humayun Kabir {হুমায়ুন  কবির{}}"
        ],
        "response": "dilip_ghosh_(bjp)_{দিলীপ_ঘোষ_(বিজেপি))}",
        "responseTime": 0,
        "isRequired": true,
        "isSkipped": false
      },
      {
        "sectionIndex": 1,
        "questionIndex": 17,
        "questionId": "question_1763331129026_7333",
        "questionType": "multiple_choice",
        "questionText": "According to you, which party will win the upcoming election in your constituency? {আপনার মতে, আপনার বিধানসভা কেন্দ্রে আগামী নির্বাচনে কোন দল জিতবে?}",
        "questionDescription": "",
        "questionOptions": [
          "AITC (Trinamool Congress) {এআইটিসি (তৃণমূল কংগ্রেস)}",
          "BJP {বিজেপি}",
          "INC (Congress) {আইএনসি (কংগ্রেস)}",
          "Left Front {বামফ্রন্ট}",
          "Others (Specify) {অন্যান্য (উল্লেখ করুন)}",
          "Don’t know/Can’t say {জানি না / বলতে পারব না}"
        ],
        "response": "bjp_{বিজেপি}",
        "responseTime": 0,
        "isRequired": true,
        "isSkipped": false
      },
      {
        "sectionIndex": 2,
        "questionIndex": 0,
        "questionId": "question_1763331368425_960",
        "questionType": "multiple_choice",
        "questionText": "Could you please tell me the religion that you belong to? {আপনি কোন ধর্মের অনুসারী, অনুগ্রহ করে বলবেন?}",
        "questionDescription": "",
        "questionOptions": [
          "Hindu {হিন্দু”}",
          "Muslim {মুসলিম}",
          "Christian {খ্রিস্টান}",
          "Sikh {শিখ}",
          "Jain {জৈন}",
          "Buddhist {বৌদ্ধ}",
          "No response {উত্তর দেননি}",
          "Others (Specify) {অন্যান্য (উল্লেখ করুন)}"
        ],
        "response": "sikh_{শিখ}",
        "responseTime": 0,
        "isRequired": true,
        "isSkipped": false
      },
      {
        "sectionIndex": 2,
        "questionIndex": 1,
        "questionId": "question_1764535616582_6213",
        "questionType": "multiple_choice",
        "questionText": "Which social category do you belong to? {আপনি কোন সামাজিক শ্রেণিভুক্ত, বলবেন}",
        "questionDescription": "",
        "questionOptions": [
          "General/OC {সাধারণ / ওসি}",
          "Schedule Castes {তফসিলি জাতি (এসসি)}",
          "Schedule Tribes {তফসিলি উপজাতি (এসটি)}",
          "Other Backward Caste {অন্যান্য অনগ্রসর জাতি (ওবিসি)}",
          "No response {উত্তর দেননি}"
        ],
        "response": "schedule_tribes_{তফসিলি_উপজাতি_(এসটি)}",
        "responseTime": 0,
        "isRequired": true,
        "isSkipped": false
      },
      {
        "sectionIndex": 2,
        "questionIndex": 2,
        "questionId": "question_1763331642923_6688",
        "questionType": "multiple_choice",
        "questionText": "Could you please tell me your caste? {আপনার জাতিটি কী, অনুগ্রহ করে বলবেন?}",
        "questionDescription": "",
        "questionOptions": [
          "Aguri {আগুরি}",
          "Kansabanik {কাঁসাবণিক}",
          "sadgop {সদ্গোপ}",
          "shunri {শুনরি}",
          "Yadav {যাদব}",
          "Santal {সাঁওতাল}",
          "Pod {পোড়}",
          "Tanti {“তাঁতি}",
          "Namaseej {“নমশূদ্র}",
          "Brahmins {ব্রাহ্মণ}",
          "Kayasthas {কায়স্থ}",
          "Baidyas {বৈদ্য}",
          "Rajputs {রাজপুত}",
          "Kshatriyas {ক্ষত্রিয়}",
          "Barui {বারুই}",
          "Gandha Banik {গন্ধ বণিক}",
          "Kulin Kayasthas {কুলীন কায়স্থ}",
          "Mahishya {মহিষ্য}",
          "Namasudra {নমশূদ্র}",
          "Rajbanshi {রাজবংশী}",
          "Poundra {পৌণ্ড্র}",
          "Dom {ডোম}",
          "Bagdi {বাগদি}",
          "Chamar {চামার}",
          "Much {মুচি}",
          "Kori {কোরি}",
          "Haldar {হালদার}",
          "Santhal {সাঁওতাল}",
          "Munda {মুণ্ডা}",
          "Oraon {উরাঁও}",
          "Bhumij {ভূমিজ}",
          "Ho {হো}",
          "Lodha {লোধা}",
          "Bhil {ভিল}",
          "Birhor {বিড়হর}",
          "Mahali {মাহালি}",
          "Teli/Teli Sahu {তেলি / তেলি সাহু}",
          "Napit {নাপিত}",
          "Karmakar {কর্মকার}",
          "Rajak {রাজক}",
          "Dhoba {ধোবা}",
          "Hela {হেলা}",
          "Kahar {কাহার}",
          "Keot {কেওট}",
          "Kurmi {কুর্মি}",
          "Pasi {পাসি}",
          "Others (Specify) {অন্যান্য (উল্লেখ করুন)}",
          "Refused to respond {উত্তর দিতে অস্বীকার করেছেন}"
        ],
        "response": "kansabanik_{কাঁসাবণিক}",
        "responseTime": 0,
        "isRequired": true,
        "isSkipped": false
      },
      {
        "sectionIndex": 2,
        "questionIndex": 3,
        "questionId": "question_1763335795981_3591",
        "questionType": "multiple_choice",
        "questionText": "Could you please tell me the highest educational level of the most educated female of the household? {আপনার পরিবারের মধ্যে যিনি সবচেয়ে বেশি শিক্ষিত মহিলা, তাঁর সর্বোচ্চ শিক্ষাগত যোগ্যতা কী — অনুগ্রহ করে বলবেন?}",
        "questionDescription": "",
        "questionOptions": [
          "No female adult {কোনো প্রাপ্তবয়স্ক মহিলা নেই}",
          "No formal education {কোনো প্রাতিষ্ঠানিক শিক্ষা নেই}",
          "Upto class 5 {পঞ্চম শ্রেণি পর্যন্ত}",
          "Class 6-9 {ক্লাস ৬–৯}",
          "Class 10-14 {ক্লাস ১০–১৪}",
          "Degree(regular) {সাধারণ ডিগ্রি}",
          "Professional Degree {পেশাগত ডিগ্রি}"
        ],
        "response": "no_formal_education_{কোনো_প্রাতিষ্ঠানিক_শিক্ষা_নেই}",
        "responseTime": 0,
        "isRequired": true,
        "isSkipped": false
      },
      {
        "sectionIndex": 2,
        "questionIndex": 4,
        "questionId": "question_1763335900264_2960",
        "questionType": "multiple_choice",
        "questionText": "Could you please tell me the highest educational level of the most educated male of the household? {আপনার পরিবারের মধ্যে যিনি সবচেয়ে বেশি শিক্ষিত পুরুষ, তাঁর সর্বোচ্চ শিক্ষাগত যোগ্যতা কী — অনুগ্রহ করে বলবেন?}",
        "questionDescription": "",
        "questionOptions": [
          "No male adult {কোনো প্রাপ্তবয়স্ক পুরুষ নেই}",
          "No formal education {কোনো প্রাতিষ্ঠানিক শিক্ষা নেই}",
          "Upto class 5 {পঞ্চম শ্রেণি পর্যন্ত}",
          "Class 6-9 {ক্লাস ৬–৯}",
          "Class 10-14 {ক্লাস ১০–১৪}",
          "Degree(regular) {সাধারণ ডিগ্রি}",
          "Professional Degree {পেশাগত ডিগ্রি}"
        ],
        "response": "upto_class_5_{পঞ্চম_শ্রেণি_পর্যন্ত}",
        "responseTime": 0,
        "isRequired": true,
        "isSkipped": false
      },
      {
        "sectionIndex": 2,
        "questionIndex": 5,
        "questionId": "question_1763335977619_9678",
        "questionType": "multiple_choice",
        "questionText": "What is the occupation of the chief wage earner? {পরিবারের প্রধান উপার্জনকারী ব্যক্তির পেশা কী?}",
        "questionDescription": "",
        "questionOptions": [
          "Labour {শ্রমিক}",
          "Farmer {চাষি}",
          "Worker {কর্মী}",
          "Trader {ব্যবসায়ী}",
          "Clerical Sales/Supervisor {ক্লারিক্যাল / সেলস / সুপারভাইজার}",
          "Managerial/Professional {প্রবন্দকীয় / পেশাদার}"
        ],
        "response": "worker_{কর্মী}",
        "responseTime": 0,
        "isRequired": true,
        "isSkipped": false
      },
      {
        "sectionIndex": 2,
        "questionIndex": 6,
        "questionId": "question_1763336593538_4176",
        "questionType": "numeric",
        "questionText": "Would you like to share your mobile number with us? We assure you we shall keep it confidential and shall use only for quality control purposes. {আপনি কি আপনার মোবাইল নম্বরটা আমাদের দিতে চান? আমরা নিশ্চয়তা দিচ্ছি, এটা পুরোপুরি গোপন রাখা হবে এবং শুধু কোয়ালিটি কন্ট্রোলের জন্যই ব্যবহার করা হবে।}",
        "questionDescription": "",
        "questionOptions": [],
        "response": "",
        "responseTime": 0,
        "isRequired": false,
        "isSkipped": true
      },
      {
        "sectionIndex": 2,
        "questionIndex": 7,
        "questionId": "68fd1915d41841da463f0d46_fixed_respondent_name",
        "questionType": "text",
        "questionText": "Would You like to share your name with us? We assure you we shall keep it confidential {আপনি কি আপনার নাম আমাদের সঙ্গে শেয়ার করতে চান? আমরা নিশ্চয়তা দিচ্ছি, আপনার নাম সম্পূর্ণ গোপন রাখা হবে।}",
        "questionDescription": "",
        "questionOptions": [],
        "response": "Rajeesh",
        "responseTime": 0,
        "isRequired": true,
        "isSkipped": false
      },
      {
        "sectionIndex": 2,
        "questionIndex": 8,
        "questionId": "question_1763336667547_6582",
        "questionType": "multiple_choice",
        "questionText": "Thank you for your excellent responses, can we contact you in future for similar surveys and get your valuable opinions? {আপনার চমৎকার উত্তরগুলোর জন্য ধন্যবাদ। ভবিষ্যতে এমন ধরনের সমীক্ষার জন্য আমরা কি আপনাকে আবার যোগাযোগ করতে পারি এবং আপনার মূল্যবান মতামত নিতে পারি?}",
        "questionDescription": "",
        "questionOptions": [
          "Yes, you can {হ্যাঁ, পারেন।}",
          "No please {না, দয়া করে।}"
        ],
        "response": "yes,_you_can_{হ্যাঁ,_পারেন।}",
        "responseTime": 0,
        "isRequired": true,
        "isSkipped": false
      }
    ],
    "isCompleted": true,
    "locationControlBooster": true,
    "geofencingError": null,
    "audioUrl": "/uploads/audio/interview_1ee90a81-7fa6-4220-8dcf-07464e96a731_1767934523390.m4a"
  },
  "status": "failed",
  "syncAttempts": 4,
  "lastSyncAttempt": "2026-01-09T04:56:58.246Z",
  "error": "Empty responses array - interview data was not saved correctly. Please update your app to the latest version and retry the interview.",
  "audioInfo": {
    "hasAudio": true,
    "audioPath": "file:///data/user/0/com.convergentinterviewer/files/offline_audio/audio_offline_1767934520335_t6e393ivp_1767934520355.m4a",
    "audioFileSize": 997253,
    "audioOfflinePath": "file:///data/user/0/com.convergentinterviewer/files/offline_audio/audio_offline_1767934520335_t6e393ivp_1767934520355.m4a",
    "audioUri": "file:///data/user/0/com.convergentinterviewer/cache/Audio/recording-697e3fbe-c6b2-4a8f-86a3-d735b33fda53.m4a",
    "note": "Audio file is stored at: file:///data/user/0/com.convergentinterviewer/files/offline_audio/audio_offline_1767934520335_t6e393ivp_1767934520355.m4a. Use the audio path to access the audio file from the device."
  },
  "exportedAt": "2026-01-09T04:57:20.642Z",
  "appVersion": "12"
}